pair,moa_i,moa_j,ES_ij,NES_ij,p_ij,FDR_ij,sig_ij,score_ij,ES_ji,NES_ji,p_ji,FDR_ji,sig_ji,score_ji,N_sig,score_avg,score_sd,NES_avg,NES_sd,Fisher_p,self,percent_overlap,qc1_pass,qc_pass
EGFR inhibitor & EGFR inhibitor,EGFR inhibitor,EGFR inhibitor,0.37823,1.17,0.266,0.672,FALSE,0.201977951,0.37823,1.17,0.266,0.672,FALSE,0.201977951,0,0.201977951,0,1.17,0,0.258154535,TRUE,100,FALSE,FALSE
Abl kinase inhibitor & EGFR inhibitor,Abl kinase inhibitor,EGFR inhibitor,0.42516,1.34,0.189,0.424,FALSE,0.499329752,0.37016,1.19,0.278,0.737,FALSE,0.157713689,0,0.328521721,0.241559035,1.265,0.106066017,0.207338216,FALSE,0,FALSE,FALSE
adrenergic receptor agonist & EGFR inhibitor,adrenergic receptor agonist,EGFR inhibitor,0.29976,0.945,0.518,0.988,FALSE,0.004954687,0.23781,0.737,0.787,0.999,FALSE,0.000320235,0,0.002637461,0.003277053,0.841,0.14707821,0.773467583,FALSE,0,FALSE,FALSE
adrenergic receptor antagonist & EGFR inhibitor,adrenergic receptor antagonist,EGFR inhibitor,0.45133,1.38,0.147,0.702,FALSE,0.212054785,0.18462,0.556,0.934,0.937,FALSE,0.015712787,0,0.113883786,0.138834758,0.968,0.582655988,0.409917119,FALSE,0,FALSE,FALSE
ATPase inhibitor & EGFR inhibitor,ATPase inhibitor,EGFR inhibitor,0.19559,0.594,0.933,0.913,FALSE,0.023480358,0.2378,0.722,0.762,0.948,FALSE,0.01674438,0,0.020112369,0.004763056,0.658,0.090509668,0.953491485,FALSE,0,FALSE,FALSE
Bcr.Abl kinase inhibitor & EGFR inhibitor,Bcr.Abl kinase inhibitor,EGFR inhibitor,0.42634,1.34,0.172,0.415,FALSE,0.51181555,0.37016,1.19,0.235,0.737,FALSE,0.157713689,0,0.33476462,0.250387827,1.265,0.106066017,0.170104764,FALSE,0,FALSE,FALSE
cyclooxygenase inhibitor & EGFR inhibitor,cyclooxygenase inhibitor,EGFR inhibitor,-0.3938,-1.19,0.276,1,FALSE,0,-0.33566,-1.08,0.358,0.638,FALSE,-0.210793667,0,-0.105396833,0.149053631,-1.135,0.077781746,0.327506695,FALSE,0,FALSE,FALSE
DNA synthesis inhibitor & EGFR inhibitor,DNA synthesis inhibitor,EGFR inhibitor,-0.51864,-1.69,0.0569,0.638,FALSE,-0.329853053,-0.51081,-1.59,0.069,0.198,FALSE,-1.118302347,0,-0.7240777,0.557517843,-1.64,0.070710678,0.025677121,FALSE,0,FALSE,FALSE
dopamine receptor antagonist & EGFR inhibitor,dopamine receptor antagonist,EGFR inhibitor,-0.35571,-1.06,0.387,0.706,FALSE,-0.160267017,-0.13498,-0.428,0.991,0.992,FALSE,-0.001493004,0,-0.080880011,0.112270181,-0.744,0.446891486,0.751068698,FALSE,0,FALSE,FALSE
EGFR inhibitor & estrogen receptor antagonist,EGFR inhibitor,estrogen receptor antagonist,-0.70608,-2.19,0.00203,0.0305,TRUE,-3.319383352,-0.59006,-1.78,0.0216,0.182,TRUE,-1.317072929,2,-2.318228141,1.415847278,-1.985,0.28991378,0.000483853,FALSE,0,FALSE,FALSE
EGFR inhibitor & FLT3 inhibitor,EGFR inhibitor,FLT3 inhibitor,0.29664,0.909,0.555,0.842,FALSE,0.067891309,0.43083,1.31,0.186,0.511,FALSE,0.381968621,0,0.224929965,0.222086197,1.1095,0.283549819,0.337644247,FALSE,11.53846154,FALSE,FALSE
EGFR inhibitor & glucocorticoid receptor agonist,EGFR inhibitor,glucocorticoid receptor agonist,0.51727,1.65,0.0503,0.283,FALSE,0.904552381,0.46694,1.38,0.129,0.339,FALSE,0.648324416,0,0.776438399,0.181180532,1.515,0.190918831,0.039176779,FALSE,0,FALSE,FALSE
EGFR inhibitor & HDAC inhibitor,EGFR inhibitor,HDAC inhibitor,-0.65021,-2.01,0.00777,0.0465,TRUE,-2.678419565,-0.55901,-1.72,0.028,0.72,FALSE,-0.245388106,1,-1.461903835,1.720413043,-1.865,0.205060967,0.002052251,FALSE,0,FALSE,FALSE
EGFR inhibitor & histamine receptor antagonist,EGFR inhibitor,histamine receptor antagonist,0.2583,0.791,0.683,0.982,FALSE,0.006239813,0.26997,0.86,0.567,0.907,FALSE,0.036457733,0,0.021348773,0.021367296,0.8255,0.048790368,0.754638624,FALSE,0,FALSE,FALSE
EGFR inhibitor & HMGCR inhibitor,EGFR inhibitor,HMGCR inhibitor,0.70811,2.24,0,0.0196,TRUE,3.8253464,0.5091,1.52,0.0847,0.25,FALSE,0.915131187,1,2.370238793,2.057832912,1.88,0.509116882,0.000870935,FALSE,0,FALSE,FALSE
EGFR inhibitor & KIT inhibitor,EGFR inhibitor,KIT inhibitor,0.33511,1.04,0.382,0.745,FALSE,0.132957476,0.36045,1.08,0.346,0.54,FALSE,0.289014739,0,0.210986108,0.110349149,1.06,0.028284271,0.399642023,FALSE,20,FALSE,FALSE
EGFR inhibitor & PDGFR tyrosine kinase receptor inhibitor,EGFR inhibitor,PDGFR tyrosine kinase receptor inhibitor,0.20842,0.642,0.844,0.919,FALSE,0.023551442,0.27157,0.813,0.673,0.932,FALSE,0.024864863,0,0.024208152,0.000928729,0.7275,0.12091526,0.88928682,FALSE,34.61538462,FALSE,FALSE
EGFR inhibitor & phosphodiesterase inhibitor,EGFR inhibitor,phosphodiesterase inhibitor,0.3373,1.07,0.351,0.781,FALSE,0.114863394,0.27443,0.842,0.627,1,FALSE,0,0,0.057431697,0.081220685,0.956,0.161220346,0.553224676,FALSE,0,FALSE,FALSE
EGFR inhibitor & PPAR receptor agonist,EGFR inhibitor,PPAR receptor agonist,-0.44592,-1.38,0.135,0.318,FALSE,-0.686650574,-0.44952,-1.33,0.161,0.316,FALSE,-0.66541618,0,-0.676033377,0.015014984,-1.355,0.035355339,0.104954651,FALSE,0,FALSE,FALSE
EGFR inhibitor & protein synthesis inhibitor,EGFR inhibitor,protein synthesis inhibitor,-0.28104,-0.897,0.536,0.712,FALSE,-0.132325446,-0.29805,-0.927,0.527,0.633,FALSE,-0.184098761,0,-0.158212103,0.036609262,-0.912,0.021213203,0.63956628,FALSE,0,FALSE,FALSE
EGFR inhibitor & ribonucleotide reductase inhibitor,EGFR inhibitor,ribonucleotide reductase inhibitor,0.43234,1.35,0.143,0.669,FALSE,0.235674741,0.39348,1.2,0.257,0.555,FALSE,0.30684842,0,0.271261581,0.050327391,1.275,0.106066017,0.15816123,FALSE,0,FALSE,FALSE
EGFR inhibitor & sodium channel blocker,EGFR inhibitor,sodium channel blocker,0.31267,0.966,0.485,0.808,FALSE,0.089440625,0.35986,1.11,0.337,0.864,FALSE,0.070469746,0,0.079955186,0.013414438,1.038,0.101823376,0.459489453,FALSE,0,FALSE,FALSE
EGFR inhibitor & topoisomerase inhibitor,EGFR inhibitor,topoisomerase inhibitor,-0.2562,-0.776,0.736,0.801,FALSE,-0.074781168,-0.18384,-0.6,0.924,0.914,FALSE,-0.023432283,0,-0.049106725,0.036309145,-0.688,0.124450793,0.942275166,FALSE,0,FALSE,FALSE
EGFR inhibitor & tubulin polymerization inhibitor,EGFR inhibitor,tubulin polymerization inhibitor,0.56178,1.75,0.039,0.254,FALSE,1.041540996,0.56769,1.65,0.0484,0.162,TRUE,1.304300226,1,1.172920611,0.185798833,1.7,0.070710678,0.013727475,FALSE,0,FALSE,FALSE
EGFR inhibitor & tyrosine kinase inhibitor,EGFR inhibitor,tyrosine kinase inhibitor,-0.3235,-1.03,0.392,0.604,FALSE,-0.225531953,-0.48608,-1.23,0.228,0.446,FALSE,-0.431318124,0,-0.328425039,0.145512797,-1.13,0.141421356,0.305210379,FALSE,8.695652174,FALSE,FALSE
EGFR inhibitor & VEGFR inhibitor,EGFR inhibitor,VEGFR inhibitor,0.21144,0.657,0.867,0.964,FALSE,0.010461389,-0.23576,-0.74,0.76,0.947,FALSE,-0.017501016,0,-0.003519813,0.019772406,-0.0415,0.987828173,0.933790552,FALSE,65,FALSE,FALSE
Abl kinase inhibitor & Abl kinase inhibitor,Abl kinase inhibitor,Abl kinase inhibitor,NA,NA,NA,NA,NA,NA,NA,NA,NA,NA,NA,NA,NA,NA,NA,NA,NA,NA,NA,100,FALSE,FALSE
Abl kinase inhibitor & adrenergic receptor agonist,Abl kinase inhibitor,adrenergic receptor agonist,0.44149,1.4,0.121,0.431,FALSE,0.511731822,0.29776,0.944,0.499,0.849,FALSE,0.06711114,0,0.289421481,0.314394299,1.172,0.322440692,0.229869731,FALSE,0,FALSE,FALSE
Abl kinase inhibitor & adrenergic receptor antagonist,Abl kinase inhibitor,adrenergic receptor antagonist,-0.17391,-0.531,0.949,0.953,FALSE,-0.01110167,-0.21562,-0.669,0.826,0.931,FALSE,-0.020772663,0,-0.015937167,0.006838425,-0.6,0.097580736,0.974752795,FALSE,0,FALSE,FALSE
Abl kinase inhibitor & ATPase inhibitor,Abl kinase inhibitor,ATPase inhibitor,-0.51372,-1.59,0.0861,0.181,FALSE,-1.180291066,-0.36925,-1.13,0.295,0.785,FALSE,-0.118797288,0,-0.649544177,0.750589449,-1.36,0.325269119,0.118692519,FALSE,0,FALSE,FALSE
Abl kinase inhibitor & Bcr.Abl kinase inhibitor,Abl kinase inhibitor,Bcr.Abl kinase inhibitor,NA,NA,NA,NA,NA,NA,NA,NA,NA,NA,NA,NA,NA,NA,NA,NA,NA,NA,NA,0,FALSE,FALSE
Abl kinase inhibitor & cyclooxygenase inhibitor,Abl kinase inhibitor,cyclooxygenase inhibitor,0.21477,0.67,0.857,0.989,FALSE,0.003218485,0.43411,1.35,0.172,0.517,FALSE,0.386787767,0,0.195003126,0.27122444,1.01,0.480832611,0.429620479,FALSE,0,FALSE,FALSE
Abl kinase inhibitor & DNA synthesis inhibitor,Abl kinase inhibitor,DNA synthesis inhibitor,-0.55509,-1.73,0.0349,0.128,TRUE,-1.544526753,-0.3518,-1.12,0.327,1,FALSE,0,1,-0.772263376,1.09214534,-1.425,0.431335137,0.062460243,FALSE,0,FALSE,FALSE
Abl kinase inhibitor & dopamine receptor antagonist,Abl kinase inhibitor,dopamine receptor antagonist,-0.27447,-0.851,0.617,0.85,FALSE,-0.060064494,-0.25993,-0.791,0.673,0.814,FALSE,-0.070696096,0,-0.065380295,0.007517678,-0.821,0.042426407,0.780194739,FALSE,0,FALSE,FALSE
Abl kinase inhibitor & estrogen receptor antagonist,Abl kinase inhibitor,estrogen receptor antagonist,-0.59265,-1.83,0.0183,0.22,TRUE,-1.203366494,-0.49946,-1.5,0.0839,0.263,FALSE,-0.870066377,1,-1.036716436,0.235678773,-1.665,0.233345238,0.011483007,FALSE,0,FALSE,FALSE
Abl kinase inhibitor & FLT3 inhibitor,Abl kinase inhibitor,FLT3 inhibitor,0.46721,1.47,0.107,0.457,FALSE,0.499923186,0.39839,1.2,0.267,0.429,FALSE,0.441051249,0,0.470487218,0.041628746,1.335,0.190918831,0.130144167,FALSE,15.38461538,FALSE,FALSE
Abl kinase inhibitor & glucocorticoid receptor agonist,Abl kinase inhibitor,glucocorticoid receptor agonist,0.47799,1.51,0.0893,0.584,FALSE,0.352716601,0.47921,1.42,0.147,0.408,FALSE,0.552862568,0,0.452789585,0.141524571,1.465,0.06363961,0.070007828,FALSE,0,FALSE,FALSE
Abl kinase inhibitor & HDAC inhibitor,Abl kinase inhibitor,HDAC inhibitor,-0.57636,-1.77,0.0227,0.162,TRUE,-1.399158424,-0.5297,-1.65,0.0766,0.485,FALSE,-0.518526131,1,-0.958842278,0.622701066,-1.71,0.084852814,0.012788236,FALSE,0,FALSE,FALSE
Abl kinase inhibitor & histamine receptor antagonist,Abl kinase inhibitor,histamine receptor antagonist,-0.18423,-0.559,0.946,1,FALSE,0,-0.30205,-0.956,0.495,0.783,FALSE,-0.101563755,0,-0.050781878,0.07181642,-0.7575,0.280721392,0.823551238,FALSE,0,FALSE,FALSE
Abl kinase inhibitor & HMGCR inhibitor,Abl kinase inhibitor,HMGCR inhibitor,0.60044,1.86,0.0273,0.284,FALSE,1.016827888,0.49368,1.47,0.0957,0.258,FALSE,0.864919032,0,0.94087346,0.107415782,1.665,0.275771645,0.018150861,FALSE,0,FALSE,FALSE
Abl kinase inhibitor & KIT inhibitor,Abl kinase inhibitor,KIT inhibitor,0.38472,1.18,0.254,0.438,FALSE,0.42306055,0.45548,1.3,0.185,0.401,FALSE,0.515912316,0,0.469486433,0.065656113,1.24,0.084852814,0.190676984,FALSE,14.28571429,FALSE,FALSE
Abl kinase inhibitor & PDGFR tyrosine kinase receptor inhibitor,Abl kinase inhibitor,PDGFR tyrosine kinase receptor inhibitor,0.29772,0.929,0.502,0.661,FALSE,0.167032844,0.26347,0.807,0.665,0.858,FALSE,0.053675759,0,0.110354301,0.080155564,0.868,0.086267027,0.700082704,FALSE,16.66666667,FALSE,FALSE
Abl kinase inhibitor & phosphodiesterase inhibitor,Abl kinase inhibitor,phosphodiesterase inhibitor,0.19928,0.626,0.886,0.957,FALSE,0.011949127,0.24789,0.759,0.745,0.959,FALSE,0.013799677,0,0.012874402,0.001308537,0.6925,0.094045202,0.934269275,FALSE,0,FALSE,FALSE
Abl kinase inhibitor & PPAR receptor agonist,Abl kinase inhibitor,PPAR receptor agonist,-0.3858,-1.21,0.261,0.534,FALSE,-0.329675079,0.33474,1.05,0.375,1,FALSE,0,0,-0.164837539,0.233115484,-0.08,1.598061325,0.325342776,FALSE,0,FALSE,FALSE
Abl kinase inhibitor & protein synthesis inhibitor,Abl kinase inhibitor,protein synthesis inhibitor,-0.34146,-1.06,0.354,0.684,FALSE,-0.174840532,-0.39984,-1.22,0.241,0.368,FALSE,-0.529665661,0,-0.352253097,0.250899255,-1.14,0.113137085,0.295307305,FALSE,0,FALSE,FALSE
Abl kinase inhibitor & ribonucleotide reductase inhibitor,Abl kinase inhibitor,ribonucleotide reductase inhibitor,0.39566,1.24,0.229,0.414,FALSE,0.474919577,0.28503,0.869,0.614,0.77,FALSE,0.09863956,0,0.286779568,0.266070152,1.0545,0.262336616,0.416445955,FALSE,0,FALSE,FALSE
Abl kinase inhibitor & sodium channel blocker,Abl kinase inhibitor,sodium channel blocker,-0.30024,-0.91,0.555,0.851,FALSE,-0.0637641,-0.21466,-0.675,0.823,0.918,FALSE,-0.02508119,0,-0.044422645,0.027352948,-0.7925,0.166170094,0.814679771,FALSE,0,FALSE,FALSE
Abl kinase inhibitor & topoisomerase inhibitor,Abl kinase inhibitor,topoisomerase inhibitor,-0.25208,-0.804,0.682,0.832,FALSE,-0.064220846,-0.2795,-0.877,0.59,1,FALSE,0,0,-0.032110423,0.045410995,-0.8405,0.051618795,0.768689998,FALSE,0,FALSE,FALSE
Abl kinase inhibitor & tubulin polymerization inhibitor,Abl kinase inhibitor,tubulin polymerization inhibitor,0.17743,0.556,0.938,0.939,FALSE,0.015197931,0.48762,1.47,0.0952,0.241,FALSE,0.908434947,0,0.461816439,0.631613952,1.013,0.646295598,0.305021016,FALSE,0,FALSE,FALSE
Abl kinase inhibitor & tyrosine kinase inhibitor,Abl kinase inhibitor,tyrosine kinase inhibitor,NA,NA,NA,NA,NA,NA,NA,NA,NA,NA,NA,NA,NA,NA,NA,NA,NA,NA,NA,10,FALSE,FALSE
Abl kinase inhibitor & VEGFR inhibitor,Abl kinase inhibitor,VEGFR inhibitor,0.39335,1.24,0.217,0.414,FALSE,0.474919577,0.45356,1.36,0.156,0.475,FALSE,0.439696691,0,0.457308134,0.024906342,1.3,0.084852814,0.148466653,FALSE,0,FALSE,FALSE
adrenergic receptor agonist & adrenergic receptor agonist,adrenergic receptor agonist,adrenergic receptor agonist,0.50789,1.56,0.0592,0.879,FALSE,0.087377355,0.50789,1.56,0.0592,0.879,FALSE,0.087377355,0,0.087377355,0,1.56,0,0.023318709,TRUE,100,FALSE,FALSE
adrenergic receptor agonist & adrenergic receptor antagonist,adrenergic receptor agonist,adrenergic receptor antagonist,-0.22379,-0.669,0.857,0.836,FALSE,-0.052044,-0.23568,-0.747,0.745,1,FALSE,0,0,-0.026022,0.036800666,-0.708,0.055154329,0.924936853,FALSE,0,FALSE,FALSE
adrenergic receptor agonist & ATPase inhibitor,adrenergic receptor agonist,ATPase inhibitor,-0.22441,-0.676,0.805,0.897,FALSE,-0.031912309,-0.3218,-0.982,0.437,0.739,FALSE,-0.128991161,0,-0.080451735,0.068645115,-0.829,0.216374675,0.719307132,FALSE,0,FALSE,FALSE
adrenergic receptor agonist & Bcr.Abl kinase inhibitor,adrenergic receptor agonist,Bcr.Abl kinase inhibitor,0.29776,0.908,0.53,0.809,FALSE,0.083582742,0.43711,1.38,0.136,0.449,FALSE,0.479900049,0,0.281741396,0.280238655,1.144,0.333754401,0.261648862,FALSE,0,FALSE,FALSE
adrenergic receptor agonist & cyclooxygenase inhibitor,adrenergic receptor agonist,cyclooxygenase inhibitor,0.47169,1.42,0.113,0.731,FALSE,0.193237325,0.40389,1.24,0.22,0.554,FALSE,0.318047892,0,0.255642608,0.088254398,1.33,0.127279221,0.11670515,FALSE,0,FALSE,FALSE
adrenergic receptor agonist & DNA synthesis inhibitor,adrenergic receptor agonist,DNA synthesis inhibitor,-0.40143,-1.23,0.239,0.608,FALSE,-0.265798597,-0.41899,-1.36,0.16,0.972,FALSE,-0.01677388,0,-0.141286239,0.176087067,-1.295,0.091923882,0.163050511,FALSE,0,FALSE,FALSE
adrenergic receptor agonist & dopamine receptor antagonist,adrenergic receptor agonist,dopamine receptor antagonist,0.17697,0.546,0.963,1,FALSE,0,0.21675,0.669,0.848,0.838,FALSE,0.051349752,0,0.025674876,0.036309758,0.6075,0.086974134,0.98205284,FALSE,0,FALSE,FALSE
adrenergic receptor agonist & estrogen receptor antagonist,adrenergic receptor agonist,estrogen receptor antagonist,-0.27222,-0.805,0.666,1,FALSE,0,-0.2158,-0.649,0.842,0.921,FALSE,-0.0231955,0,-0.01159775,0.016401695,-0.727,0.110308658,0.885145445,FALSE,0,FALSE,FALSE
adrenergic receptor agonist & FLT3 inhibitor,adrenergic receptor agonist,FLT3 inhibitor,-0.48146,-1.41,0.132,0.558,FALSE,-0.357245779,-0.38407,-1.18,0.233,0.34,FALSE,-0.552854878,0,-0.455050329,0.13831652,-1.295,0.16263456,0.137838248,FALSE,0,FALSE,FALSE
adrenergic receptor agonist & glucocorticoid receptor agonist,adrenergic receptor agonist,glucocorticoid receptor agonist,-0.24832,-0.751,0.745,0.96,FALSE,-0.013314304,-0.3386,-1.05,0.392,0.765,FALSE,-0.122155493,0,-0.067734899,0.076962343,-0.9005,0.211424928,0.651501669,FALSE,0,FALSE,FALSE
adrenergic receptor agonist & HDAC inhibitor,adrenergic receptor agonist,HDAC inhibitor,-0.60942,-1.83,0.0154,0.233,TRUE,-1.157738665,-0.52497,-1.64,0.0622,0.333,FALSE,-0.783191457,1,-0.970465061,0.26484487,-1.735,0.134350288,0.007615901,FALSE,0,FALSE,FALSE
adrenergic receptor agonist & histamine receptor antagonist,adrenergic receptor agonist,histamine receptor antagonist,0.14368,0.448,0.989,0.989,FALSE,0.002152061,0.20553,0.662,0.824,0.92,FALSE,0.023972458,0,0.01306226,0.015429351,0.555,0.151320851,0.981709145,FALSE,0,FALSE,FALSE
adrenergic receptor agonist & HMGCR inhibitor,adrenergic receptor agonist,HMGCR inhibitor,0.45,1.4,0.135,0.524,FALSE,0.392936198,0.23901,0.716,0.796,0.834,FALSE,0.056445108,0,0.224690653,0.237935132,1.058,0.483661038,0.347164208,FALSE,0,FALSE,FALSE
adrenergic receptor agonist & KIT inhibitor,adrenergic receptor agonist,KIT inhibitor,-0.41895,-1.27,0.186,0.671,FALSE,-0.220062399,-0.44488,-1.33,0.173,0.611,FALSE,-0.28456519,0,-0.252313795,0.045610361,-1.3,0.042426407,0.142756805,FALSE,0,FALSE,FALSE
adrenergic receptor agonist & PDGFR tyrosine kinase receptor inhibitor,adrenergic receptor agonist,PDGFR tyrosine kinase receptor inhibitor,-0.332,-0.994,0.439,0.833,FALSE,-0.078878869,-0.33942,-1.05,0.353,0.917,FALSE,-0.039512198,0,-0.059195533,0.02783644,-1.022,0.03959798,0.443909649,FALSE,0,FALSE,FALSE
adrenergic receptor agonist & phosphodiesterase inhibitor,adrenergic receptor agonist,phosphodiesterase inhibitor,-0.25729,-0.778,0.711,1,FALSE,0,-0.25704,-0.812,0.663,1,FALSE,0,0,0,0,-0.795,0.024041631,0.825910299,FALSE,0,FALSE,FALSE
adrenergic receptor agonist & PPAR receptor agonist,adrenergic receptor agonist,PPAR receptor agonist,-0.36689,-1.09,0.353,0.757,FALSE,-0.131785491,-0.19728,-0.599,0.9,0.968,FALSE,-0.008460661,0,-0.070123076,0.087203824,-0.8445,0.34718943,0.681989986,FALSE,0,FALSE,FALSE
adrenergic receptor agonist & protein synthesis inhibitor,adrenergic receptor agonist,protein synthesis inhibitor,0.40768,1.26,0.223,0.625,FALSE,0.257191178,0.34733,1.01,0.455,0.592,FALSE,0.229955076,0,0.243573127,0.019258832,1.135,0.176776695,0.333621117,FALSE,0,FALSE,FALSE
adrenergic receptor agonist & ribonucleotide reductase inhibitor,adrenergic receptor agonist,ribonucleotide reductase inhibitor,0.19486,0.601,0.898,1,FALSE,0,0.23209,0.709,0.788,0.864,FALSE,0.045011757,0,0.022505878,0.031828118,0.655,0.076367532,0.952350382,FALSE,0,FALSE,FALSE
adrenergic receptor agonist & sodium channel blocker,adrenergic receptor agonist,sodium channel blocker,-0.53186,-1.6,0.0537,0.388,FALSE,-0.657869239,-0.47884,-1.5,0.0887,0.33,FALSE,-0.72222909,0,-0.690049165,0.045509287,-1.55,0.070710678,0.030231194,FALSE,0,FALSE,FALSE
adrenergic receptor agonist & topoisomerase inhibitor,adrenergic receptor agonist,topoisomerase inhibitor,0.32916,1,0.415,1,FALSE,0,0.3285,0.961,0.486,0.664,FALSE,0.170896476,0,0.085448238,0.120842057,0.9805,0.027577164,0.524600412,FALSE,0,FALSE,FALSE
adrenergic receptor agonist & tubulin polymerization inhibitor,adrenergic receptor agonist,tubulin polymerization inhibitor,0.23295,0.714,0.8,1,FALSE,0,0.24256,0.699,0.788,0.86,FALSE,0.045785583,0,0.022892791,0.032375296,0.7065,0.010606602,0.921267027,FALSE,0,FALSE,FALSE
adrenergic receptor agonist & tyrosine kinase inhibitor,adrenergic receptor agonist,tyrosine kinase inhibitor,NA,NA,NA,NA,NA,NA,NA,NA,NA,NA,NA,NA,NA,NA,NA,NA,NA,NA,NA,0,FALSE,FALSE
adrenergic receptor agonist & VEGFR inhibitor,adrenergic receptor agonist,VEGFR inhibitor,-0.25695,-0.746,0.724,0.88,FALSE,-0.041415927,-0.35605,-1.09,0.346,0.852,FALSE,-0.075820842,0,-0.058618384,0.024327949,-0.918,0.243244733,0.597271775,FALSE,0,FALSE,FALSE
adrenergic receptor antagonist & adrenergic receptor antagonist,adrenergic receptor antagonist,adrenergic receptor antagonist,0.37884,1.17,0.276,0.688,FALSE,0.190021527,0.37884,1.17,0.276,0.688,FALSE,0.190021527,0,0.190021527,0,1.17,0,0.27230702,TRUE,100,FALSE,FALSE
adrenergic receptor antagonist & ATPase inhibitor,adrenergic receptor antagonist,ATPase inhibitor,0.64381,1.95,0.0113,0.185,TRUE,1.42901513,0.45083,1.37,0.132,0.442,FALSE,0.485771491,1,0.95739331,0.666973973,1.66,0.410121933,0.011198792,FALSE,0,FALSE,FALSE
adrenergic receptor antagonist & Bcr.Abl kinase inhibitor,adrenergic receptor antagonist,Bcr.Abl kinase inhibitor,-0.21562,-0.657,0.841,0.849,FALSE,-0.046707648,-0.17636,-0.523,0.948,1,FALSE,0,0,-0.023353824,0.033027294,-0.59,0.094752309,0.977900543,FALSE,0,FALSE,FALSE
adrenergic receptor antagonist & cyclooxygenase inhibitor,adrenergic receptor antagonist,cyclooxygenase inhibitor,-0.27552,-0.859,0.606,1,FALSE,0,-0.29629,-0.913,0.549,1,FALSE,0,0,0,0,-0.886,0.038183766,0.698834437,FALSE,0,FALSE,FALSE
adrenergic receptor antagonist & DNA synthesis inhibitor,adrenergic receptor antagonist,DNA synthesis inhibitor,0.26944,0.826,0.64,0.969,FALSE,0.01129656,-0.17528,-0.55,0.938,1,FALSE,0,0,0.00564828,0.007987874,0.138,0.972978931,0.906658753,FALSE,0,FALSE,FALSE
adrenergic receptor antagonist & dopamine receptor antagonist,adrenergic receptor antagonist,dopamine receptor antagonist,0.23797,0.732,0.786,0.823,FALSE,0.061927321,0.48292,1.48,0.115,1,FALSE,0,0,0.03096366,0.043789228,1.106,0.528915872,0.30765336,FALSE,0,FALSE,FALSE
adrenergic receptor antagonist & estrogen receptor antagonist,adrenergic receptor antagonist,estrogen receptor antagonist,0.26779,0.816,0.636,0.9,FALSE,0.037338112,0.25247,0.789,0.677,0.954,FALSE,0.016136332,0,0.026737222,0.014991922,0.8025,0.019091883,0.793389501,FALSE,0,FALSE,FALSE
adrenergic receptor antagonist & FLT3 inhibitor,adrenergic receptor antagonist,FLT3 inhibitor,0.26748,0.808,0.641,0.838,FALSE,0.062018833,0.18795,0.557,0.935,0.936,FALSE,0.015999352,0,0.039009093,0.032540687,0.6825,0.177483802,0.906155307,FALSE,0,FALSE,FALSE
adrenergic receptor antagonist & glucocorticoid receptor agonist,adrenergic receptor antagonist,glucocorticoid receptor agonist,0.49936,1.51,0.0853,0.666,FALSE,0.266553914,0.31585,0.939,0.525,0.725,FALSE,0.131142612,0,0.198848263,0.09575025,1.2245,0.403757972,0.183874161,FALSE,0,FALSE,FALSE
adrenergic receptor antagonist & HDAC inhibitor,adrenergic receptor antagonist,HDAC inhibitor,-0.52446,-1.62,0.0645,0.289,FALSE,-0.873345495,-0.29376,-0.883,0.565,0.856,FALSE,-0.059625666,0,-0.46648558,0.575386809,-1.2515,0.521137698,0.157140774,FALSE,0,FALSE,FALSE
adrenergic receptor antagonist & histamine receptor antagonist,adrenergic receptor antagonist,histamine receptor antagonist,-0.29625,-0.905,0.564,1,FALSE,0,-0.2898,-0.911,0.553,0.701,FALSE,-0.140550886,0,-0.070275443,0.099384484,-0.908,0.004242641,0.675276841,FALSE,0,FALSE,FALSE
adrenergic receptor antagonist & HMGCR inhibitor,adrenergic receptor antagonist,HMGCR inhibitor,0.40191,1.2,0.255,0.751,FALSE,0.149232076,0.1661,0.502,0.982,0.969,FALSE,0.006865464,0,0.07804877,0.100668397,0.851,0.493560533,0.597141635,FALSE,0,FALSE,FALSE
adrenergic receptor antagonist & KIT inhibitor,adrenergic receptor antagonist,KIT inhibitor,0.22832,0.718,0.799,0.784,FALSE,0.075881067,0.19726,0.607,0.891,1,FALSE,0,0,0.037940533,0.053656017,0.6625,0.078488853,0.953819369,FALSE,0,FALSE,FALSE
adrenergic receptor antagonist & PDGFR tyrosine kinase receptor inhibitor,adrenergic receptor antagonist,PDGFR tyrosine kinase receptor inhibitor,-0.23969,-0.737,0.753,0.948,FALSE,-0.017092255,-0.14795,-0.449,0.987,0.987,FALSE,-0.002551598,0,-0.009821927,0.010281797,-0.593,0.203646753,0.963777661,FALSE,0,FALSE,FALSE
adrenergic receptor antagonist & phosphodiesterase inhibitor,adrenergic receptor antagonist,phosphodiesterase inhibitor,-0.34752,-1.09,0.35,0.861,FALSE,-0.070846565,-0.24843,-0.771,0.708,0.994,FALSE,-0.002015098,0,-0.036430831,0.048671197,-0.9305,0.225567063,0.593514034,FALSE,0,FALSE,FALSE
adrenergic receptor antagonist & PPAR receptor agonist,adrenergic receptor antagonist,PPAR receptor agonist,0.27701,0.84,0.637,1,FALSE,0,-0.27078,-0.815,0.68,0.994,FALSE,-0.002130097,0,-0.001065048,0.001506206,0.0125,1.170261723,0.795562493,FALSE,0,FALSE,FALSE
adrenergic receptor antagonist & protein synthesis inhibitor,adrenergic receptor antagonist,protein synthesis inhibitor,0.25494,0.763,0.735,0.841,FALSE,0.057380655,-0.15493,-0.48,0.974,0.978,FALSE,-0.00463735,0,0.026371653,0.043853352,0.1415,0.878933729,0.955161023,FALSE,0,FALSE,FALSE
adrenergic receptor antagonist & ribonucleotide reductase inhibitor,adrenergic receptor antagonist,ribonucleotide reductase inhibitor,-0.50278,-1.57,0.0851,0.238,FALSE,-0.978774177,-0.40544,-1.27,0.197,1,FALSE,0,0,-0.489387089,0.692097858,-1.42,0.212132034,0.085306837,FALSE,0,FALSE,FALSE
adrenergic receptor antagonist & sodium channel blocker,adrenergic receptor antagonist,sodium channel blocker,0.43619,1.31,0.177,0.67,FALSE,0.227842008,0.44505,1.39,0.149,0.911,FALSE,0.056269456,0,0.142055732,0.121320115,1.35,0.056568542,0.122249787,FALSE,0,FALSE,FALSE
adrenergic receptor antagonist & topoisomerase inhibitor,adrenergic receptor antagonist,topoisomerase inhibitor,-0.54786,-1.69,0.0397,0.422,FALSE,-0.633221958,-0.35848,-1.14,0.266,0.918,FALSE,-0.042359343,0,-0.337790651,0.417802961,-1.415,0.38890873,0.058616112,FALSE,0,FALSE,FALSE
adrenergic receptor antagonist & tubulin polymerization inhibitor,adrenergic receptor antagonist,tubulin polymerization inhibitor,0.38245,1.16,0.292,0.606,FALSE,0.252331756,0.25632,0.771,0.724,0.876,FALSE,0.044329334,0,0.148330545,0.147079923,0.9655,0.275064538,0.53992871,FALSE,0,FALSE,FALSE
adrenergic receptor antagonist & tyrosine kinase inhibitor,adrenergic receptor antagonist,tyrosine kinase inhibitor,NA,NA,NA,NA,NA,NA,NA,NA,NA,NA,NA,NA,NA,NA,NA,NA,NA,NA,NA,0,FALSE,FALSE
adrenergic receptor antagonist & VEGFR inhibitor,adrenergic receptor antagonist,VEGFR inhibitor,0.30423,0.95,0.492,0.926,FALSE,0.031719563,0.16438,0.496,0.96,0.972,FALSE,0.006117533,0,0.018918548,0.018103369,0.723,0.321026479,0.82660655,FALSE,0,FALSE,FALSE
ATPase inhibitor & ATPase inhibitor,ATPase inhibitor,ATPase inhibitor,0.54814,1.65,0.0631,0.306,FALSE,0.848559646,0.54814,1.65,0.0631,0.306,FALSE,0.848559646,0,0.848559646,0,1.65,0,0.025984262,TRUE,100,FALSE,FALSE
ATPase inhibitor & Bcr.Abl kinase inhibitor,ATPase inhibitor,Bcr.Abl kinase inhibitor,-0.36925,-1.16,0.285,0.896,FALSE,-0.055322709,-0.48846,-1.48,0.101,0.273,FALSE,-0.834479282,0,-0.444900996,0.550946897,-1.32,0.22627417,0.130911326,FALSE,0,FALSE,FALSE
ATPase inhibitor & cyclooxygenase inhibitor,ATPase inhibitor,cyclooxygenase inhibitor,-0.19718,-0.634,0.881,1,FALSE,0,-0.28478,-0.854,0.595,1,FALSE,0,0,0,0,-0.744,0.155563492,0.862768109,FALSE,0,FALSE,FALSE
ATPase inhibitor & DNA synthesis inhibitor,ATPase inhibitor,DNA synthesis inhibitor,0.35556,1.08,0.376,0.53,FALSE,0.297782061,0.26362,0.794,0.701,1,FALSE,0,0,0.14889103,0.210563715,0.937,0.202232539,0.615031804,FALSE,0,FALSE,FALSE
ATPase inhibitor & dopamine receptor antagonist,ATPase inhibitor,dopamine receptor antagonist,-0.34103,-1.07,0.349,0.779,FALSE,-0.11605492,0.37155,1.14,0.302,0.711,FALSE,0.168868655,0,0.026406867,0.201471392,0.035,1.562705986,0.342544725,FALSE,0,FALSE,FALSE
ATPase inhibitor & estrogen receptor antagonist,ATPase inhibitor,estrogen receptor antagonist,0.24545,0.744,0.748,0.821,FALSE,0.063728691,0.35097,1.08,0.357,0.772,FALSE,0.121373316,0,0.092551003,0.040760905,0.912,0.237587878,0.619622804,FALSE,0,FALSE,FALSE
ATPase inhibitor & FLT3 inhibitor,ATPase inhibitor,FLT3 inhibitor,0.46577,1.4,0.127,0.533,FALSE,0.382581907,0.39484,1.2,0.258,0.429,FALSE,0.441051249,0,0.411816578,0.041344068,1.3,0.141421356,0.144772111,FALSE,0,FALSE,FALSE
ATPase inhibitor & glucocorticoid receptor agonist,ATPase inhibitor,glucocorticoid receptor agonist,0.37421,1.14,0.318,0.509,FALSE,0.334341728,0.40948,1.23,0.232,0.439,FALSE,0.43976864,0,0.387055184,0.074548084,1.185,0.06363961,0.266089508,FALSE,0,FALSE,FALSE
ATPase inhibitor & HDAC inhibitor,ATPase inhibitor,HDAC inhibitor,0.42899,1.3,0.193,0.365,FALSE,0.569019276,0.22841,0.664,0.834,0.984,FALSE,0.004651255,0,0.286835265,0.399068455,0.982,0.449719913,0.454973091,FALSE,0,FALSE,FALSE
ATPase inhibitor & histamine receptor antagonist,ATPase inhibitor,histamine receptor antagonist,-0.34223,-1.06,0.39,0.689,FALSE,-0.171487625,-0.48457,-1.55,0.0802,0.333,FALSE,-0.740211438,0,-0.455849531,0.402148465,-1.305,0.346482323,0.139651275,FALSE,0,FALSE,FALSE
ATPase inhibitor & HMGCR inhibitor,ATPase inhibitor,HMGCR inhibitor,0.29757,0.883,0.542,0.688,FALSE,0.143409409,0.41769,1.24,0.224,0.406,FALSE,0.485427718,0,0.314418564,0.241843466,1.0615,0.252437121,0.377408727,FALSE,0,FALSE,FALSE
ATPase inhibitor & KIT inhibitor,ATPase inhibitor,KIT inhibitor,-0.23059,-0.72,0.756,1,FALSE,0,-0.25329,-0.788,0.698,0.855,FALSE,-0.053610702,0,-0.026805351,0.037908491,-0.754,0.048083261,0.865012596,FALSE,0,FALSE,FALSE
ATPase inhibitor & PDGFR tyrosine kinase receptor inhibitor,ATPase inhibitor,PDGFR tyrosine kinase receptor inhibitor,-0.15232,-0.464,0.974,0.983,FALSE,-0.003455168,-0.17528,-0.547,0.934,1,FALSE,0,0,-0.001727584,0.002443173,-0.5055,0.058689863,0.99579589,FALSE,0,FALSE,FALSE
ATPase inhibitor & phosphodiesterase inhibitor,ATPase inhibitor,phosphodiesterase inhibitor,-0.56553,-1.73,0.0314,0.232,TRUE,-1.097705786,-0.28366,-0.876,0.604,1,FALSE,0,1,-0.548852893,0.776195205,-1.303,0.603869191,0.09416664,FALSE,0,FALSE,FALSE
ATPase inhibitor & PPAR receptor agonist,ATPase inhibitor,PPAR receptor agonist,-0.2811,-0.878,0.593,0.843,FALSE,-0.065123389,-0.20113,-0.618,0.898,1,FALSE,0,0,-0.032561695,0.04604919,-0.748,0.183847763,0.868075615,FALSE,0,FALSE,FALSE
ATPase inhibitor & protein synthesis inhibitor,ATPase inhibitor,protein synthesis inhibitor,0.41231,1.3,0.171,0.365,FALSE,0.569019276,0.40922,1.23,0.233,0.465,FALSE,0.409032868,0,0.489026072,0.113127474,1.265,0.049497475,0.168249361,FALSE,0,FALSE,FALSE
ATPase inhibitor & ribonucleotide reductase inhibitor,ATPase inhibitor,ribonucleotide reductase inhibitor,-0.56737,-1.73,0.044,0.232,TRUE,-1.097705786,-0.37714,-1.16,0.265,1,FALSE,0,1,-0.548852893,0.776195205,-1.445,0.403050865,0.063565552,FALSE,0,FALSE,FALSE
ATPase inhibitor & sodium channel blocker,ATPase inhibitor,sodium channel blocker,0.67036,2.04,0.00559,0.0831,TRUE,2.204013911,0.60792,1.87,0.0166,0.198,TRUE,1.315236094,2,1.759625003,0.628460822,1.955,0.120208153,0.000954398,FALSE,0,FALSE,FALSE
ATPase inhibitor & topoisomerase inhibitor,ATPase inhibitor,topoisomerase inhibitor,-0.43887,-1.35,0.164,0.694,FALSE,-0.214164715,-0.50139,-1.59,0.0814,0.889,FALSE,-0.0812462,0,-0.147705457,0.093987583,-1.47,0.169705627,0.070970063,FALSE,0,FALSE,FALSE
ATPase inhibitor & tubulin polymerization inhibitor,ATPase inhibitor,tubulin polymerization inhibitor,0.3366,1,0.432,0.576,FALSE,0.239577517,0.43291,1.28,0.183,0.37,FALSE,0.552701793,0,0.396139655,0.221412299,1.14,0.197989899,0.279668412,FALSE,0,FALSE,FALSE
ATPase inhibitor & tyrosine kinase inhibitor,ATPase inhibitor,tyrosine kinase inhibitor,NA,NA,NA,NA,NA,NA,NA,NA,NA,NA,NA,NA,NA,NA,NA,NA,NA,NA,NA,0,FALSE,FALSE
ATPase inhibitor & VEGFR inhibitor,ATPase inhibitor,VEGFR inhibitor,-0.16194,-0.51,0.981,1,FALSE,0,0.23306,0.699,0.805,0.926,FALSE,0.02333892,0,0.01166946,0.016503109,0.0945,0.854892098,0.97615105,FALSE,0,FALSE,FALSE
Bcr.Abl kinase inhibitor & Bcr.Abl kinase inhibitor,Bcr.Abl kinase inhibitor,Bcr.Abl kinase inhibitor,NA,NA,NA,NA,NA,NA,NA,NA,NA,NA,NA,NA,NA,NA,NA,NA,NA,NA,NA,NA,FALSE,FALSE
Bcr.Abl kinase inhibitor & cyclooxygenase inhibitor,Bcr.Abl kinase inhibitor,cyclooxygenase inhibitor,0.22189,0.696,0.796,0.956,FALSE,0.013601307,0.43411,1.35,0.174,0.517,FALSE,0.386787767,0,0.200194537,0.263882676,1.023,0.462447835,0.412306474,FALSE,0,FALSE,FALSE
Bcr.Abl kinase inhibitor & DNA synthesis inhibitor,Bcr.Abl kinase inhibitor,DNA synthesis inhibitor,-0.52803,-1.61,0.0525,0.208,FALSE,-1.097918031,-0.3518,-1.11,0.339,0.836,FALSE,-0.086351032,0,-0.592134531,0.715285884,-1.36,0.353553391,0.08949824,FALSE,0,FALSE,FALSE
Bcr.Abl kinase inhibitor & dopamine receptor antagonist,Bcr.Abl kinase inhibitor,dopamine receptor antagonist,-0.28052,-0.859,0.601,0.837,FALSE,-0.066378832,-0.25993,-0.801,0.669,0.88,FALSE,-0.04446938,0,-0.055424106,0.015492322,-0.83,0.041012193,0.768406757,FALSE,0,FALSE,FALSE
Bcr.Abl kinase inhibitor & estrogen receptor antagonist,Bcr.Abl kinase inhibitor,estrogen receptor antagonist,-0.5939,-1.84,0.0169,0.231,TRUE,-1.170953957,-0.49946,-1.49,0.0872,0.227,FALSE,-0.959521473,1,-1.065237715,0.149505343,-1.665,0.247487373,0.011082063,FALSE,0,FALSE,FALSE
Bcr.Abl kinase inhibitor & FLT3 inhibitor,Bcr.Abl kinase inhibitor,FLT3 inhibitor,0.44536,1.4,0.12,0.559,FALSE,0.353623469,0.39839,1.21,0.225,0.522,FALSE,0.341618691,0,0.34762108,0.00848866,1.305,0.134350288,0.124521797,FALSE,0,FALSE,FALSE
Bcr.Abl kinase inhibitor & glucocorticoid receptor agonist,Bcr.Abl kinase inhibitor,glucocorticoid receptor agonist,0.47265,1.48,0.105,0.636,FALSE,0.290883469,0.47921,1.39,0.119,0.38,FALSE,0.584100801,0,0.437492135,0.207335964,1.435,0.06363961,0.067253422,FALSE,0,FALSE,FALSE
Bcr.Abl kinase inhibitor & HDAC inhibitor,Bcr.Abl kinase inhibitor,HDAC inhibitor,-0.58177,-1.81,0.0393,0.126,TRUE,-1.628329313,-0.5297,-1.61,0.0571,0.275,FALSE,-0.902674363,1,-1.265501838,0.513115536,-1.71,0.141421356,0.01593145,FALSE,0,FALSE,FALSE
Bcr.Abl kinase inhibitor & histamine receptor antagonist,Bcr.Abl kinase inhibitor,histamine receptor antagonist,-0.16375,-0.498,0.965,0.966,FALSE,-0.007481391,-0.30205,-0.959,0.48,0.887,FALSE,-0.049941249,0,-0.02871132,0.030023653,-0.7285,0.325976226,0.819677031,FALSE,0,FALSE,FALSE
Bcr.Abl kinase inhibitor & HMGCR inhibitor,Bcr.Abl kinase inhibitor,HMGCR inhibitor,0.61176,1.98,0.00871,0.144,TRUE,1.666442266,0.49368,1.45,0.0996,0.241,FALSE,0.896075288,1,1.281258777,0.544731714,1.715,0.374766594,0.006983397,FALSE,0,FALSE,FALSE
Bcr.Abl kinase inhibitor & KIT inhibitor,Bcr.Abl kinase inhibitor,KIT inhibitor,0.38294,1.23,0.227,0.498,FALSE,0.372407908,0.45548,1.36,0.154,0.379,FALSE,0.573050674,0,0.472729291,0.14187586,1.295,0.091923882,0.152193426,FALSE,0,FALSE,FALSE
Bcr.Abl kinase inhibitor & PDGFR tyrosine kinase receptor inhibitor,Bcr.Abl kinase inhibitor,PDGFR tyrosine kinase receptor inhibitor,0.29148,0.925,0.526,0.68,FALSE,0.154929256,0.26347,0.787,0.732,0.821,FALSE,0.067411935,0,0.111170596,0.061884091,0.856,0.097580736,0.752517642,FALSE,0,FALSE,FALSE
Bcr.Abl kinase inhibitor & phosphodiesterase inhibitor,Bcr.Abl kinase inhibitor,phosphodiesterase inhibitor,0.20708,0.649,0.836,0.931,FALSE,0.020151657,0.24789,0.781,0.716,1,FALSE,0,0,0.010075829,0.014249373,0.715,0.093338095,0.905766267,FALSE,0,FALSE,FALSE
Bcr.Abl kinase inhibitor & PPAR receptor agonist,Bcr.Abl kinase inhibitor,PPAR receptor agonist,-0.39506,-1.22,0.25,0.527,FALSE,-0.339391049,0.33474,1.05,0.355,1,FALSE,0,0,-0.169695525,0.239985713,-0.085,1.605132393,0.303696452,FALSE,0,FALSE,FALSE
Bcr.Abl kinase inhibitor & protein synthesis inhibitor,Bcr.Abl kinase inhibitor,protein synthesis inhibitor,-0.34687,-1.07,0.372,0.676,FALSE,-0.181957035,-0.39984,-1.2,0.235,0.343,FALSE,-0.557647056,0,-0.369802046,0.265652961,-1.135,0.091923882,0.300465267,FALSE,0,FALSE,FALSE
Bcr.Abl kinase inhibitor & ribonucleotide reductase inhibitor,Bcr.Abl kinase inhibitor,ribonucleotide reductase inhibitor,0.37398,1.15,0.327,0.417,FALSE,0.436843537,0.28503,0.859,0.597,0.715,FALSE,0.12515111,0,0.280997323,0.220399829,1.0045,0.205768073,0.514135254,FALSE,0,FALSE,FALSE
Bcr.Abl kinase inhibitor & sodium channel blocker,Bcr.Abl kinase inhibitor,sodium channel blocker,-0.27776,-0.862,0.595,0.951,FALSE,-0.018808394,-0.21466,-0.685,0.819,1,FALSE,0,0,-0.009404197,0.013299543,-0.7735,0.1251579,0.837611542,FALSE,0,FALSE,FALSE
Bcr.Abl kinase inhibitor & topoisomerase inhibitor,Bcr.Abl kinase inhibitor,topoisomerase inhibitor,-0.25208,-0.755,0.738,0.902,FALSE,-0.033819064,-0.2795,-0.867,0.606,0.961,FALSE,-0.014978823,0,-0.024398944,0.013322062,-0.811,0.079195959,0.807106445,FALSE,0,FALSE,FALSE
Bcr.Abl kinase inhibitor & tubulin polymerization inhibitor,Bcr.Abl kinase inhibitor,tubulin polymerization inhibitor,0.175,0.555,0.931,0.94,FALSE,0.014914041,0.48762,1.46,0.112,0.219,FALSE,0.962951592,0,0.488932817,0.670363781,1.0075,0.639931637,0.340005175,FALSE,0,FALSE,FALSE
Bcr.Abl kinase inhibitor & tyrosine kinase inhibitor,Bcr.Abl kinase inhibitor,tyrosine kinase inhibitor,NA,NA,NA,NA,NA,NA,NA,NA,NA,NA,NA,NA,NA,NA,NA,NA,NA,NA,NA,0,FALSE,FALSE
Bcr.Abl kinase inhibitor & VEGFR inhibitor,Bcr.Abl kinase inhibitor,VEGFR inhibitor,0.37864,1.17,0.262,0.508,FALSE,0.344139457,0.45356,1.38,0.141,0.734,FALSE,0.185339437,0,0.264739447,0.112288571,1.275,0.148492424,0.158791721,FALSE,0,FALSE,FALSE
cyclooxygenase inhibitor & cyclooxygenase inhibitor,cyclooxygenase inhibitor,cyclooxygenase inhibitor,0.33507,1.04,0.402,0.65,FALSE,0.194570109,0.33507,1.04,0.402,0.65,FALSE,0.194570109,0,0.194570109,0,1.04,0,0.456144482,TRUE,100,FALSE,FALSE
cyclooxygenase inhibitor & DNA synthesis inhibitor,cyclooxygenase inhibitor,DNA synthesis inhibitor,0.33563,1.03,0.403,0.57,FALSE,0.251448899,0.22607,0.69,0.816,1,FALSE,0,0,0.125724449,0.177801221,0.86,0.240416306,0.694579474,FALSE,0,FALSE,FALSE
cyclooxygenase inhibitor & dopamine receptor antagonist,cyclooxygenase inhibitor,dopamine receptor antagonist,-0.16718,-0.495,0.965,1,FALSE,0,-0.18873,-0.567,0.932,1,FALSE,0,0,0,0,-0.531,0.050911688,0.994758927,FALSE,0,FALSE,FALSE
cyclooxygenase inhibitor & estrogen receptor antagonist,cyclooxygenase inhibitor,estrogen receptor antagonist,0.27168,0.831,0.661,0.714,FALSE,0.121576786,0.17584,0.55,0.94,0.945,FALSE,0.013512505,0,0.067544646,0.076412986,0.6905,0.198697006,0.917021318,FALSE,0,FALSE,FALSE
cyclooxygenase inhibitor & FLT3 inhibitor,cyclooxygenase inhibitor,FLT3 inhibitor,-0.19844,-0.604,0.892,1,FALSE,0,-0.41088,-1.27,0.193,0.363,FALSE,-0.558918586,0,-0.279459293,0.395215122,-0.937,0.470933116,0.475039388,FALSE,0,FALSE,FALSE
cyclooxygenase inhibitor & glucocorticoid receptor agonist,cyclooxygenase inhibitor,glucocorticoid receptor agonist,-0.39322,-1.2,0.25,1,FALSE,0,-0.31137,-0.965,0.49,0.751,FALSE,-0.120007461,0,-0.06000373,0.084858089,-1.0825,0.166170094,0.379706421,FALSE,0,FALSE,FALSE
cyclooxygenase inhibitor & HDAC inhibitor,cyclooxygenase inhibitor,HDAC inhibitor,0.50843,1.52,0.0989,0.844,FALSE,0.111959481,0.36681,1.07,0.397,0.519,FALSE,0.304770927,0,0.208365204,0.136338281,1.295,0.318198052,0.166376861,FALSE,0,FALSE,FALSE
cyclooxygenase inhibitor & histamine receptor antagonist,cyclooxygenase inhibitor,histamine receptor antagonist,-0.19879,-0.613,0.878,1,FALSE,0,0.22676,0.688,0.809,0.978,FALSE,0.006646868,0,0.003323434,0.004700045,0.0375,0.919945922,0.953271487,FALSE,0,FALSE,FALSE
cyclooxygenase inhibitor & HMGCR inhibitor,cyclooxygenase inhibitor,HMGCR inhibitor,0.32778,0.975,0.449,0.573,FALSE,0.235799244,-0.25155,-0.799,0.679,0.972,FALSE,-0.009854654,0,0.112972295,0.173703537,0.088,1.25440743,0.667017061,FALSE,0,FALSE,FALSE
cyclooxygenase inhibitor & KIT inhibitor,cyclooxygenase inhibitor,KIT inhibitor,-0.34858,-1.06,0.404,1,FALSE,0,-0.37067,-1.11,0.315,0.585,FALSE,-0.258456989,0,-0.129228494,0.182756689,-1.085,0.035355339,0.389609422,FALSE,0,FALSE,FALSE
cyclooxygenase inhibitor & PDGFR tyrosine kinase receptor inhibitor,cyclooxygenase inhibitor,PDGFR tyrosine kinase receptor inhibitor,-0.2413,-0.734,0.786,1,FALSE,0,-0.29538,-0.891,0.543,0.963,FALSE,-0.014588978,0,-0.007294489,0.010315965,-0.8125,0.111015765,0.790192786,FALSE,0,FALSE,FALSE
cyclooxygenase inhibitor & phosphodiesterase inhibitor,cyclooxygenase inhibitor,phosphodiesterase inhibitor,-0.35807,-1.1,0.327,1,FALSE,0,-0.25651,-0.802,0.669,1,FALSE,0,0,0,0,-0.951,0.210717821,0.551231641,FALSE,0,FALSE,FALSE
cyclooxygenase inhibitor & PPAR receptor agonist,cyclooxygenase inhibitor,PPAR receptor agonist,-0.25096,-0.767,0.718,1,FALSE,0,-0.3147,-0.938,0.529,0.851,FALSE,-0.065726073,0,-0.032863036,0.046475352,-0.8525,0.12091526,0.747509658,FALSE,6.666666667,FALSE,FALSE
cyclooxygenase inhibitor & protein synthesis inhibitor,cyclooxygenase inhibitor,protein synthesis inhibitor,0.38056,1.17,0.281,0.547,FALSE,0.306554828,0.26478,0.789,0.679,0.695,FALSE,0.124673989,0,0.215614409,0.128609175,0.9795,0.269407684,0.506864176,FALSE,0,FALSE,FALSE
cyclooxygenase inhibitor & ribonucleotide reductase inhibitor,cyclooxygenase inhibitor,ribonucleotide reductase inhibitor,-0.3119,-0.942,0.496,1,FALSE,0,-0.26746,-0.833,0.633,0.777,FALSE,-0.091279291,0,-0.045639646,0.064544206,-0.8875,0.077074639,0.677688691,FALSE,0,FALSE,FALSE
cyclooxygenase inhibitor & sodium channel blocker,cyclooxygenase inhibitor,sodium channel blocker,-0.58315,-1.8,0.0204,0.331,FALSE,-0.864309611,-0.51955,-1.61,0.0614,0.325,FALSE,-0.785867789,0,-0.8250887,0.055466745,-1.705,0.134350288,0.009622875,FALSE,0,FALSE,FALSE
cyclooxygenase inhibitor & topoisomerase inhibitor,cyclooxygenase inhibitor,topoisomerase inhibitor,0.22539,0.695,0.837,0.815,FALSE,0.061745462,0.31628,0.898,0.547,0.691,FALSE,0.144148713,0,0.102947088,0.058267898,0.7965,0.143542677,0.81552008,FALSE,0,FALSE,FALSE
cyclooxygenase inhibitor & tubulin polymerization inhibitor,cyclooxygenase inhibitor,tubulin polymerization inhibitor,-0.14827,-0.446,0.994,0.988,FALSE,-0.002338403,-0.26745,-0.828,0.659,1,FALSE,0,0,-0.001169201,0.0016535,-0.637,0.27011479,0.93216309,FALSE,0,FALSE,FALSE
cyclooxygenase inhibitor & tyrosine kinase inhibitor,cyclooxygenase inhibitor,tyrosine kinase inhibitor,NA,NA,NA,NA,NA,NA,NA,NA,NA,NA,NA,NA,NA,NA,NA,NA,NA,NA,NA,0,FALSE,FALSE
cyclooxygenase inhibitor & VEGFR inhibitor,cyclooxygenase inhibitor,VEGFR inhibitor,-0.16816,-0.5,0.968,1,FALSE,0,0.1964,0.593,0.914,0.973,FALSE,0.007049086,0,0.003524543,0.004984456,0.0465,0.772867712,0.993088024,FALSE,0,FALSE,FALSE
DNA synthesis inhibitor & DNA synthesis inhibitor,DNA synthesis inhibitor,DNA synthesis inhibitor,0.22279,0.667,0.846,1,FALSE,0,0.22279,0.667,0.846,1,FALSE,0,0,0,0,0.667,0,0.955102847,TRUE,100,FALSE,FALSE
DNA synthesis inhibitor & dopamine receptor antagonist,DNA synthesis inhibitor,dopamine receptor antagonist,0.18258,0.547,0.953,0.945,FALSE,0.013438801,0.43577,1.39,0.131,0.8,FALSE,0.134704918,0,0.074071859,0.085748094,0.9685,0.596091017,0.384603622,FALSE,0,FALSE,FALSE
DNA synthesis inhibitor & estrogen receptor antagonist,DNA synthesis inhibitor,estrogen receptor antagonist,0.47099,1.4,0.116,0.517,FALSE,0.40111324,0.4059,1.28,0.192,0.71,FALSE,0.190389314,0,0.295751277,0.149004317,1.34,0.084852814,0.107004153,FALSE,0,FALSE,FALSE
DNA synthesis inhibitor & FLT3 inhibitor,DNA synthesis inhibitor,FLT3 inhibitor,-0.15084,-0.488,0.993,0.976,FALSE,-0.005148489,-0.46103,-1.41,0.138,0.562,FALSE,-0.352871795,0,-0.179010142,0.245877508,-0.949,0.651952452,0.409392666,FALSE,0,FALSE,FALSE
DNA synthesis inhibitor & glucocorticoid receptor agonist,DNA synthesis inhibitor,glucocorticoid receptor agonist,-0.29014,-0.95,0.493,0.889,FALSE,-0.048543327,-0.25556,-0.778,0.709,0.706,FALSE,-0.117629943,0,-0.083086635,0.048851614,-0.864,0.121622366,0.71695137,FALSE,0,FALSE,FALSE
DNA synthesis inhibitor & HDAC inhibitor,DNA synthesis inhibitor,HDAC inhibitor,0.55922,1.67,0.0451,0.504,FALSE,0.496941004,0.56305,1.67,0.0359,0.147,TRUE,1.390580051,1,0.943760528,0.63189823,1.67,0,0.012023186,FALSE,0,FALSE,FALSE
DNA synthesis inhibitor & histamine receptor antagonist,DNA synthesis inhibitor,histamine receptor antagonist,0.18773,0.559,0.92,1,FALSE,0,0.31296,1.01,0.4,0.849,FALSE,0.071803233,0,0.035901616,0.050772553,0.7845,0.318905158,0.735879421,FALSE,0,FALSE,FALSE
DNA synthesis inhibitor & HMGCR inhibitor,DNA synthesis inhibitor,HMGCR inhibitor,-0.40088,-1.3,0.169,0.793,FALSE,-0.130944856,-0.42623,-1.39,0.116,0.3,FALSE,-0.726801456,0,-0.428873156,0.421334242,-1.345,0.06363961,0.096687352,FALSE,0,FALSE,FALSE
DNA synthesis inhibitor & KIT inhibitor,DNA synthesis inhibitor,KIT inhibitor,-0.16011,-0.515,0.973,1,FALSE,0,-0.37929,-1.13,0.308,0.666,FALSE,-0.199474121,0,-0.099737061,0.141049504,-0.8225,0.43487067,0.660811219,FALSE,0,FALSE,FALSE
DNA synthesis inhibitor & PDGFR tyrosine kinase receptor inhibitor,DNA synthesis inhibitor,PDGFR tyrosine kinase receptor inhibitor,-0.16147,-0.511,0.96,1,FALSE,0,-0.25635,-0.774,0.704,1,FALSE,0,0,0,0,-0.6425,0.185969083,0.94063338,FALSE,0,FALSE,FALSE
DNA synthesis inhibitor & phosphodiesterase inhibitor,DNA synthesis inhibitor,phosphodiesterase inhibitor,-0.32964,-1.05,0.38,0.818,FALSE,-0.091609031,0.19774,0.621,0.886,0.89,FALSE,0.031428806,0,-0.030090113,0.087000889,-0.2145,1.181575431,0.703197374,FALSE,0,FALSE,FALSE
DNA synthesis inhibitor & PPAR receptor agonist,DNA synthesis inhibitor,PPAR receptor agonist,0.31731,0.959,0.466,0.972,FALSE,0.011828052,-0.26833,-0.79,0.677,0.944,FALSE,-0.019772125,0,-0.003972036,0.022344699,0.0845,1.23672976,0.679438961,FALSE,0,FALSE,FALSE
DNA synthesis inhibitor & protein synthesis inhibitor,DNA synthesis inhibitor,protein synthesis inhibitor,0.41979,1.25,0.22,0.65,FALSE,0.233858304,0.35204,1.07,0.363,0.64,FALSE,0.207387428,0,0.220622866,0.018717736,1.16,0.127279221,0.281704567,FALSE,0,FALSE,FALSE
DNA synthesis inhibitor & ribonucleotide reductase inhibitor,DNA synthesis inhibitor,ribonucleotide reductase inhibitor,0.24271,0.717,0.76,1,FALSE,0,0.29548,0.927,0.531,0.756,FALSE,0.112610296,0,0.056305148,0.079627504,0.822,0.148492424,0.769762493,FALSE,0,FALSE,FALSE
DNA synthesis inhibitor & sodium channel blocker,DNA synthesis inhibitor,sodium channel blocker,0.38735,1.19,0.275,0.623,FALSE,0.244559224,0.2106,0.642,0.85,0.935,FALSE,0.018738946,0,0.131649085,0.15967905,0.916,0.387494516,0.573506352,FALSE,0,FALSE,FALSE
DNA synthesis inhibitor & topoisomerase inhibitor,DNA synthesis inhibitor,topoisomerase inhibitor,0.51841,1.57,0.0582,0.388,FALSE,0.645534191,0.64499,1.85,0.00927,0.0716,TRUE,2.118410909,1,1.38197255,1.041481115,1.71,0.197989899,0.004599272,FALSE,0,FALSE,FALSE
DNA synthesis inhibitor & tubulin polymerization inhibitor,DNA synthesis inhibitor,tubulin polymerization inhibitor,-0.28409,-0.88,0.559,0.919,FALSE,-0.03228235,-0.21667,-0.687,0.831,1,FALSE,0,0,-0.016141175,0.022827069,-0.7835,0.136471609,0.820697919,FALSE,0,FALSE,FALSE
DNA synthesis inhibitor & tyrosine kinase inhibitor,DNA synthesis inhibitor,tyrosine kinase inhibitor,NA,NA,NA,NA,NA,NA,NA,NA,NA,NA,NA,NA,NA,NA,NA,NA,NA,NA,NA,0,FALSE,FALSE
DNA synthesis inhibitor & VEGFR inhibitor,DNA synthesis inhibitor,VEGFR inhibitor,-0.16056,-0.52,0.959,1,FALSE,0,0.23625,0.705,0.807,0.989,FALSE,0.003386614,0,0.001693307,0.002394698,0.0925,0.866205807,0.972263663,FALSE,0,FALSE,FALSE
dopamine receptor antagonist & dopamine receptor antagonist,dopamine receptor antagonist,dopamine receptor antagonist,-0.40046,-1.22,0.226,0.775,FALSE,-0.135051923,-0.40046,-1.22,0.226,0.775,FALSE,-0.135051923,0,-0.135051923,0,-1.22,0,0.202998526,TRUE,100,FALSE,FALSE
dopamine receptor antagonist & estrogen receptor antagonist,dopamine receptor antagonist,estrogen receptor antagonist,-0.28368,-0.869,0.593,0.856,FALSE,-0.058680298,0.25971,0.804,0.678,1,FALSE,0,0,-0.029340149,0.041493237,-0.0325,1.182989645,0.768393089,FALSE,0,FALSE,FALSE
dopamine receptor antagonist & FLT3 inhibitor,dopamine receptor antagonist,FLT3 inhibitor,-0.43489,-1.33,0.178,1,FALSE,0,0.21155,0.632,0.873,0.932,FALSE,0.019329143,0,0.009664572,0.013667768,-0.349,1.387343505,0.444705221,FALSE,0,FALSE,FALSE
dopamine receptor antagonist & glucocorticoid receptor agonist,dopamine receptor antagonist,glucocorticoid receptor agonist,0.39556,1.29,0.184,0.744,FALSE,0.165670913,0.20225,0.614,0.88,1,FALSE,0,0,0.082835457,0.117147026,0.952,0.478004184,0.456720116,FALSE,0,FALSE,FALSE
dopamine receptor antagonist & HDAC inhibitor,dopamine receptor antagonist,HDAC inhibitor,-0.33989,-1.05,0.388,0.632,FALSE,-0.209247068,-0.30535,-0.941,0.513,0.812,FALSE,-0.085107776,0,-0.147177422,0.087779735,-0.9955,0.077074639,0.520346671,FALSE,0,FALSE,FALSE
dopamine receptor antagonist & histamine receptor antagonist,dopamine receptor antagonist,histamine receptor antagonist,-0.13586,-0.418,0.994,0.993,FALSE,-0.001275214,-0.17047,-0.539,0.958,0.95,FALSE,-0.012006977,0,-0.006641095,0.007588502,-0.4785,0.085559921,0.998841475,FALSE,0,FALSE,FALSE
dopamine receptor antagonist & HMGCR inhibitor,dopamine receptor antagonist,HMGCR inhibitor,-0.56015,-1.77,0.0336,0.366,FALSE,-0.772638479,-0.21635,-0.662,0.856,0.998,FALSE,-0.000575582,0,-0.38660703,0.54593091,-1.216,0.783474314,0.130828296,FALSE,0,FALSE,FALSE
dopamine receptor antagonist & KIT inhibitor,dopamine receptor antagonist,KIT inhibitor,0.29514,0.922,0.518,0.908,FALSE,0.038644848,0.29329,0.867,0.588,0.812,FALSE,0.078414923,0,0.058529885,0.02812169,0.8945,0.038890873,0.666676008,FALSE,0,FALSE,FALSE
dopamine receptor antagonist & PDGFR tyrosine kinase receptor inhibitor,dopamine receptor antagonist,PDGFR tyrosine kinase receptor inhibitor,0.38604,1.21,0.245,0.717,FALSE,0.174821822,0.42742,1.3,0.177,0.858,FALSE,0.086466526,0,0.130644174,0.062476629,1.255,0.06363961,0.17944882,FALSE,0,FALSE,FALSE
dopamine receptor antagonist & phosphodiesterase inhibitor,dopamine receptor antagonist,phosphodiesterase inhibitor,-0.39339,-1.23,0.257,1,FALSE,0,-0.25411,-0.79,0.709,1,FALSE,0,0,0,0,-1.01,0.311126984,0.492445018,FALSE,0,FALSE,FALSE
dopamine receptor antagonist & PPAR receptor agonist,dopamine receptor antagonist,PPAR receptor agonist,-0.3422,-1.07,0.393,0.797,FALSE,-0.105439596,-0.22063,-0.656,0.842,1,FALSE,0,0,-0.052719798,0.074557053,-0.863,0.292742207,0.696861872,FALSE,0,FALSE,FALSE
dopamine receptor antagonist & protein synthesis inhibitor,dopamine receptor antagonist,protein synthesis inhibitor,0.21634,0.68,0.831,0.902,FALSE,0.030459554,0.26664,0.798,0.706,0.738,FALSE,0.105291023,0,0.067875289,0.052913839,0.739,0.0834386,0.899545418,FALSE,0,FALSE,FALSE
dopamine receptor antagonist & ribonucleotide reductase inhibitor,dopamine receptor antagonist,ribonucleotide reductase inhibitor,-0.37543,-1.15,0.3,0.768,FALSE,-0.131834597,-0.29971,-0.922,0.531,0.817,FALSE,-0.080931264,0,-0.10638293,0.035994092,-1.036,0.161220346,0.451928694,FALSE,0,FALSE,FALSE
dopamine receptor antagonist & sodium channel blocker,dopamine receptor antagonist,sodium channel blocker,0.24931,0.775,0.708,0.862,FALSE,0.049981869,0.1824,0.538,0.955,0.95,FALSE,0.0119847,0,0.030983285,0.026868056,0.6565,0.167584307,0.940750853,FALSE,0,FALSE,FALSE
dopamine receptor antagonist & topoisomerase inhibitor,dopamine receptor antagonist,topoisomerase inhibitor,0.28085,0.88,0.589,0.877,FALSE,0.050160358,-0.24871,-0.779,0.711,1,FALSE,0,0,0.025080179,0.035468729,0.0505,1.17309015,0.783289244,FALSE,0,FALSE,FALSE
dopamine receptor antagonist & tubulin polymerization inhibitor,dopamine receptor antagonist,tubulin polymerization inhibitor,0.28157,0.857,0.625,0.818,FALSE,0.074770419,0.20574,0.608,0.905,0.901,FALSE,0.027527327,0,0.051148873,0.03340591,0.7325,0.176069589,0.88793168,FALSE,0,FALSE,FALSE
dopamine receptor antagonist & tyrosine kinase inhibitor,dopamine receptor antagonist,tyrosine kinase inhibitor,NA,NA,NA,NA,NA,NA,NA,NA,NA,NA,NA,NA,NA,NA,NA,NA,NA,NA,NA,0,FALSE,FALSE
dopamine receptor antagonist & VEGFR inhibitor,dopamine receptor antagonist,VEGFR inhibitor,0.33964,1.05,0.382,0.756,FALSE,0.127552115,0.31925,0.95,0.499,0.79,FALSE,0.097254263,0,0.112403189,0.021423816,1,0.070710678,0.506564257,FALSE,0,FALSE,FALSE
estrogen receptor antagonist & estrogen receptor antagonist,estrogen receptor antagonist,estrogen receptor antagonist,0.51667,1.62,0.0547,0.616,FALSE,0.340879246,0.51667,1.62,0.0547,0.616,FALSE,0.340879246,0,0.340879246,0,1.62,0,0.020381468,TRUE,100,FALSE,FALSE
estrogen receptor antagonist & FLT3 inhibitor,estrogen receptor antagonist,FLT3 inhibitor,-0.48299,-1.47,0.0995,0.208,FALSE,-1.002446898,-0.45652,-1.39,0.133,0.403,FALSE,-0.548625986,0,-0.775536442,0.320899844,-1.43,0.056568542,0.070468438,FALSE,0,FALSE,FALSE
estrogen receptor antagonist & glucocorticoid receptor agonist,estrogen receptor antagonist,glucocorticoid receptor agonist,-0.39083,-1.18,0.278,0.421,FALSE,-0.443347127,-0.51776,-1.55,0.082,0.313,FALSE,-0.781906277,0,-0.612626702,0.239397471,-1.365,0.261629509,0.108991556,FALSE,0,FALSE,FALSE
estrogen receptor antagonist & HDAC inhibitor,estrogen receptor antagonist,HDAC inhibitor,0.25054,0.776,0.724,0.869,FALSE,0.047320653,0.49051,1.44,0.118,0.269,FALSE,0.821156717,0,0.434238685,0.547184728,1.108,0.469518903,0.295597671,FALSE,0,FALSE,FALSE
estrogen receptor antagonist & histamine receptor antagonist,estrogen receptor antagonist,histamine receptor antagonist,0.20685,0.63,0.871,0.973,FALSE,0.007488911,0.44634,1.42,0.136,0.303,FALSE,0.736351468,0,0.371920189,0.515383657,1.025,0.558614357,0.371147961,FALSE,0,FALSE,FALSE
estrogen receptor antagonist & HMGCR inhibitor,estrogen receptor antagonist,HMGCR inhibitor,-0.76479,-2.31,0,0.00819,TRUE,-4.820314187,-0.71315,-2.21,0,0.0191,TRUE,-3.798916258,2,-4.309615223,0.722237402,-2.26,0.070710678,1.45E-05,FALSE,0,FALSE,FALSE
estrogen receptor antagonist & KIT inhibitor,estrogen receptor antagonist,KIT inhibitor,-0.46733,-1.41,0.122,0.225,FALSE,-0.913422649,-0.49319,-1.51,0.0795,0.48,FALSE,-0.481325732,0,-0.697374191,0.305538661,-1.46,0.070710678,0.054660969,FALSE,0,FALSE,FALSE
estrogen receptor antagonist & PDGFR tyrosine kinase receptor inhibitor,estrogen receptor antagonist,PDGFR tyrosine kinase receptor inhibitor,-0.38623,-1.16,0.292,0.401,FALSE,-0.460352528,-0.49774,-1.48,0.113,0.595,FALSE,-0.333714891,0,-0.397033709,0.089546332,-1.32,0.22627417,0.145557529,FALSE,0,FALSE,FALSE
estrogen receptor antagonist & phosphodiesterase inhibitor,estrogen receptor antagonist,phosphodiesterase inhibitor,0.38742,1.2,0.245,0.689,FALSE,0.194136934,0.23395,0.728,0.76,0.916,FALSE,0.027740095,0,0.110938514,0.117660333,0.964,0.333754401,0.499189895,FALSE,0,FALSE,FALSE
estrogen receptor antagonist & PPAR receptor agonist,estrogen receptor antagonist,PPAR receptor agonist,0.49079,1.5,0.101,0.501,FALSE,0.450243411,0.64025,2,0.00716,0.107,TRUE,1.941232445,1,1.195737928,1.054288456,1.75,0.353553391,0.005952966,FALSE,0,FALSE,FALSE
estrogen receptor antagonist & protein synthesis inhibitor,estrogen receptor antagonist,protein synthesis inhibitor,0.31066,0.981,0.445,0.824,FALSE,0.082475405,0.48356,1.48,0.0909,0.345,FALSE,0.684027739,0,0.383251572,0.425361735,1.2305,0.352846284,0.170202609,FALSE,0,FALSE,FALSE
estrogen receptor antagonist & ribonucleotide reductase inhibitor,estrogen receptor antagonist,ribonucleotide reductase inhibitor,-0.51467,-1.55,0.0701,0.264,FALSE,-0.896513913,-0.26781,-0.847,0.604,0.847,FALSE,-0.061082751,0,-0.478798332,0.59073904,-1.1985,0.497096067,0.176221319,FALSE,0,FALSE,FALSE
estrogen receptor antagonist & sodium channel blocker,estrogen receptor antagonist,sodium channel blocker,-0.22992,-0.706,0.777,0.93,FALSE,-0.022251038,0.28531,0.862,0.623,0.782,FALSE,0.092055779,0,0.03490237,0.080827126,0.078,1.108743433,0.835275978,FALSE,0,FALSE,FALSE
estrogen receptor antagonist & topoisomerase inhibitor,estrogen receptor antagonist,topoisomerase inhibitor,-0.17604,-0.535,0.952,0.949,FALSE,-0.012162576,-0.35827,-1.1,0.334,0.83,FALSE,-0.089014098,0,-0.050588337,0.054342232,-0.8175,0.399515331,0.682297175,FALSE,0,FALSE,FALSE
estrogen receptor antagonist & tubulin polymerization inhibitor,estrogen receptor antagonist,tubulin polymerization inhibitor,-0.52618,-1.59,0.0642,0.296,FALSE,-0.840646179,-0.62823,-1.89,0.0189,0.0811,TRUE,-2.061950586,1,-1.451298382,0.863592627,-1.74,0.212132034,0.009360432,FALSE,0,FALSE,FALSE
estrogen receptor antagonist & tyrosine kinase inhibitor,estrogen receptor antagonist,tyrosine kinase inhibitor,NA,NA,NA,NA,NA,NA,NA,NA,NA,NA,NA,NA,NA,NA,NA,NA,NA,NA,NA,0,FALSE,FALSE
estrogen receptor antagonist & VEGFR inhibitor,estrogen receptor antagonist,VEGFR inhibitor,-0.3769,-1.13,0.301,0.395,FALSE,-0.455845282,-0.4209,-1.33,0.187,0.558,FALSE,-0.336976515,0,-0.396410899,0.084052911,-1.23,0.141421356,0.218241117,FALSE,0,FALSE,FALSE
FLT3 inhibitor & FLT3 inhibitor,FLT3 inhibitor,FLT3 inhibitor,0.52552,1.59,0.0608,0.565,FALSE,0.394242968,0.52552,1.59,0.0608,0.565,FALSE,0.394242968,0,0.394242968,0,1.59,0,0.024399048,TRUE,100,FALSE,FALSE
FLT3 inhibitor & glucocorticoid receptor agonist,FLT3 inhibitor,glucocorticoid receptor agonist,0.27123,0.786,0.705,0.916,FALSE,0.029950158,0.21899,0.649,0.849,1,FALSE,0,0,0.014975079,0.02117796,0.7175,0.096873629,0.905750357,FALSE,0,FALSE,FALSE
FLT3 inhibitor & HDAC inhibitor,FLT3 inhibitor,HDAC inhibitor,0.23836,0.722,0.744,0.948,FALSE,0.01674438,-0.19832,-0.61,0.904,0.9,FALSE,-0.027912069,0,-0.005583844,0.031576878,0.056,0.941866233,0.939346654,FALSE,0,FALSE,FALSE
FLT3 inhibitor & histamine receptor antagonist,FLT3 inhibitor,histamine receptor antagonist,-0.23468,-0.733,0.774,0.769,FALSE,-0.083615993,-0.46807,-1.48,0.0981,0.329,FALSE,-0.714550071,0,-0.399083032,0.446137765,-1.1065,0.528208766,0.271671697,FALSE,0,FALSE,FALSE
FLT3 inhibitor & HMGCR inhibitor,FLT3 inhibitor,HMGCR inhibitor,0.63173,1.94,0.00787,0.167,TRUE,1.507930046,0.50496,1.52,0.0862,0.25,FALSE,0.915131187,1,1.211530616,0.419172093,1.73,0.296984848,0.005627809,FALSE,0,FALSE,FALSE
FLT3 inhibitor & KIT inhibitor,FLT3 inhibitor,KIT inhibitor,0.46752,1.38,0.154,0.487,FALSE,0.431210034,0.49138,1.49,0.102,0.353,FALSE,0.673815689,0,0.552512861,0.171548104,1.435,0.077781746,0.080952515,FALSE,26.66666667,FALSE,FALSE
FLT3 inhibitor & PDGFR tyrosine kinase receptor inhibitor,FLT3 inhibitor,PDGFR tyrosine kinase receptor inhibitor,0.42435,1.29,0.198,0.467,FALSE,0.426581224,0.43879,1.32,0.154,1,FALSE,0,0,0.213290612,0.301638476,1.305,0.021213203,0.136917951,FALSE,26.31578947,FALSE,FALSE
FLT3 inhibitor & phosphodiesterase inhibitor,FLT3 inhibitor,phosphodiesterase inhibitor,-0.38662,-1.19,0.253,0.384,FALSE,-0.494645843,-0.22651,-0.704,0.801,0.984,FALSE,-0.004931451,0,-0.249788647,0.346280368,-0.947,0.343653896,0.526139903,FALSE,0,FALSE,FALSE
FLT3 inhibitor & PPAR receptor agonist,FLT3 inhibitor,PPAR receptor agonist,0.2199,0.673,0.839,0.948,FALSE,0.015607989,0.23295,0.736,0.771,0.976,FALSE,0.007764934,0,0.011686462,0.005545877,0.7045,0.044547727,0.928652561,FALSE,0,FALSE,FALSE
FLT3 inhibitor & protein synthesis inhibitor,FLT3 inhibitor,protein synthesis inhibitor,-0.61837,-1.91,0.015,0.124,TRUE,-1.731564581,-0.4629,-1.45,0.109,0.201,FALSE,-1.010365717,1,-1.370965149,0.509964608,-1.68,0.325269119,0.012125344,FALSE,0,FALSE,FALSE
FLT3 inhibitor & ribonucleotide reductase inhibitor,FLT3 inhibitor,ribonucleotide reductase inhibitor,-0.26614,-0.805,0.685,0.763,FALSE,-0.094567747,-0.33864,-1.07,0.365,0.787,FALSE,-0.111307036,0,-0.102937392,0.011836465,-0.9375,0.187383297,0.596608246,FALSE,0,FALSE,FALSE
FLT3 inhibitor & sodium channel blocker,FLT3 inhibitor,sodium channel blocker,0.34364,1.05,0.396,0.598,FALSE,0.234463757,0.38151,1.13,0.324,1,FALSE,0,0,0.117231878,0.165790912,1.09,0.056568542,0.391757382,FALSE,0,FALSE,FALSE
FLT3 inhibitor & topoisomerase inhibitor,FLT3 inhibitor,topoisomerase inhibitor,-0.41922,-1.28,0.2,0.441,FALSE,-0.455118605,-0.38725,-1.24,0.222,0.923,FALSE,-0.043149891,0,-0.249134248,0.291305872,-1.26,0.028284271,0.182684502,FALSE,0,FALSE,FALSE
FLT3 inhibitor & tubulin polymerization inhibitor,FLT3 inhibitor,tubulin polymerization inhibitor,0.26595,0.81,0.662,0.945,FALSE,0.019900235,0.31021,0.912,0.562,0.837,FALSE,0.070474382,0,0.045187309,0.035761322,0.861,0.072124892,0.739899957,FALSE,0,FALSE,FALSE
FLT3 inhibitor & tyrosine kinase inhibitor,FLT3 inhibitor,tyrosine kinase inhibitor,NA,NA,NA,NA,NA,NA,NA,NA,NA,NA,NA,NA,NA,NA,NA,NA,NA,NA,NA,16.66666667,FALSE,FALSE
FLT3 inhibitor & VEGFR inhibitor,FLT3 inhibitor,VEGFR inhibitor,0.4843,1.47,0.113,0.448,FALSE,0.512621319,0.45177,1.37,0.153,0.572,FALSE,0.332367441,0,0.42249438,0.12745874,1.42,0.070710678,0.087442313,FALSE,15.78947368,FALSE,FALSE
glucocorticoid receptor agonist & glucocorticoid receptor agonist,glucocorticoid receptor agonist,glucocorticoid receptor agonist,0.57854,1.69,0.0425,0.207,TRUE,1.156010116,0.57854,1.69,0.0425,0.207,TRUE,1.156010116,2,1.156010116,0,1.69,0,0.013215432,TRUE,100,TRUE,TRUE
glucocorticoid receptor agonist & HDAC inhibitor,glucocorticoid receptor agonist,HDAC inhibitor,-0.36348,-1.1,0.348,0.89,FALSE,-0.055670993,-0.42293,-1.3,0.182,0.469,FALSE,-0.427475304,0,-0.241573149,0.26290535,-1.2,0.141421356,0.238099113,FALSE,0,TRUE,FALSE
glucocorticoid receptor agonist & histamine receptor antagonist,glucocorticoid receptor agonist,histamine receptor antagonist,-0.28809,-0.857,0.606,0.692,FALSE,-0.137029077,-0.3286,-1.03,0.391,0.87,FALSE,-0.06229517,0,-0.099662123,0.052844853,-0.9435,0.122329473,0.578129998,FALSE,0,FALSE,FALSE
glucocorticoid receptor agonist & HMGCR inhibitor,glucocorticoid receptor agonist,HMGCR inhibitor,0.61667,1.8,0.0223,0.19,TRUE,1.298243518,0.61719,1.84,0.0195,0.288,FALSE,0.994717823,1,1.14648067,0.214625078,1.82,0.028284271,0.003800811,FALSE,0,FALSE,FALSE
glucocorticoid receptor agonist & KIT inhibitor,glucocorticoid receptor agonist,KIT inhibitor,0.31114,0.936,0.495,0.675,FALSE,0.159771669,0.28573,0.847,0.611,0.776,FALSE,0.093287122,0,0.126529395,0.047011674,0.8915,0.062932504,0.664125618,FALSE,0,TRUE,FALSE
glucocorticoid receptor agonist & PDGFR tyrosine kinase receptor inhibitor,glucocorticoid receptor agonist,PDGFR tyrosine kinase receptor inhibitor,0.18618,0.544,0.946,1,FALSE,0,0.2342,0.721,0.801,0.845,FALSE,0.052736313,0,0.026368156,0.037290204,0.6325,0.1251579,0.967950076,FALSE,0,FALSE,FALSE
glucocorticoid receptor agonist & phosphodiesterase inhibitor,glucocorticoid receptor agonist,phosphodiesterase inhibitor,0.41655,1.22,0.232,0.408,FALSE,0.474994601,0.4415,1.42,0.133,0.521,FALSE,0.402090433,0,0.438542517,0.051551032,1.32,0.141421356,0.138186253,FALSE,0,FALSE,FALSE
glucocorticoid receptor agonist & PPAR receptor agonist,glucocorticoid receptor agonist,PPAR receptor agonist,-0.69748,-2.12,0.00673,0.0426,TRUE,-2.90565165,-0.64829,-1.93,0.00716,0.0547,TRUE,-2.43568446,2,-2.670668055,0.332316987,-2.025,0.134350288,0.000527184,FALSE,0,FALSE,FALSE
glucocorticoid receptor agonist & protein synthesis inhibitor,glucocorticoid receptor agonist,protein synthesis inhibitor,0.40278,1.19,0.281,0.406,FALSE,0.46585402,0.33324,1.01,0.441,0.592,FALSE,0.229955076,0,0.347904548,0.166805743,1.1,0.127279221,0.382681805,FALSE,0,FALSE,FALSE
glucocorticoid receptor agonist & ribonucleotide reductase inhibitor,glucocorticoid receptor agonist,ribonucleotide reductase inhibitor,0.47426,1.43,0.104,0.489,FALSE,0.444288331,0.40078,1.26,0.222,0.545,FALSE,0.332140407,0,0.388214369,0.079300558,1.345,0.120208153,0.110093795,FALSE,0,FALSE,FALSE
glucocorticoid receptor agonist & sodium channel blocker,glucocorticoid receptor agonist,sodium channel blocker,0.41551,1.24,0.235,0.479,FALSE,0.396383963,0.25145,0.765,0.734,0.854,FALSE,0.052434729,0,0.224409346,0.243208836,1.0025,0.335875721,0.475626688,FALSE,0,FALSE,FALSE
glucocorticoid receptor agonist & topoisomerase inhibitor,glucocorticoid receptor agonist,topoisomerase inhibitor,-0.29178,-0.888,0.558,0.75,FALSE,-0.110945598,0.18894,0.542,0.946,0.948,FALSE,0.012569881,0,-0.049187858,0.087338633,-0.173,1.011162697,0.86512763,FALSE,0,TRUE,FALSE
glucocorticoid receptor agonist & tubulin polymerization inhibitor,glucocorticoid receptor agonist,tubulin polymerization inhibitor,0.58899,1.8,0.0333,0.19,TRUE,1.298243518,0.58288,1.74,0.0164,0.17,TRUE,1.339018877,2,1.318631198,0.028832533,1.77,0.042426407,0.00464894,FALSE,0,TRUE,TRUE
glucocorticoid receptor agonist & tyrosine kinase inhibitor,glucocorticoid receptor agonist,tyrosine kinase inhibitor,NA,NA,NA,NA,NA,NA,NA,NA,NA,NA,NA,NA,NA,NA,NA,NA,NA,NA,NA,0,FALSE,FALSE
glucocorticoid receptor agonist & VEGFR inhibitor,glucocorticoid receptor agonist,VEGFR inhibitor,0.16846,0.504,0.962,0.969,FALSE,0.006892816,0.24317,0.729,0.754,1,FALSE,0,0,0.003446408,0.004873957,0.6165,0.159099026,0.958259955,FALSE,0,FALSE,FALSE
HDAC inhibitor & HDAC inhibitor,HDAC inhibitor,HDAC inhibitor,0.74826,2.16,0,0.0193,TRUE,3.703196213,0.74826,2.16,0,0.0193,TRUE,3.703196213,2,3.703196213,0,2.16,0,1.45E-05,TRUE,100,TRUE,TRUE
HDAC inhibitor & histamine receptor antagonist,HDAC inhibitor,histamine receptor antagonist,-0.19663,-0.628,0.881,0.992,FALSE,-0.00219067,0.29175,0.93,0.511,0.879,FALSE,0.052090346,0,0.024949838,0.038382475,0.151,1.101672365,0.809480938,FALSE,0,FALSE,FALSE
HDAC inhibitor & HMGCR inhibitor,HDAC inhibitor,HMGCR inhibitor,-0.45449,-1.38,0.138,0.419,FALSE,-0.521344648,-0.32946,-1.04,0.394,0.677,FALSE,-0.176187785,0,-0.348766216,0.244062759,-1.21,0.240416306,0.212698151,FALSE,0,FALSE,FALSE
HDAC inhibitor & KIT inhibitor,HDAC inhibitor,KIT inhibitor,-0.32077,-1,0.418,0.776,FALSE,-0.110138279,-0.27782,-0.848,0.638,0.856,FALSE,-0.057262248,0,-0.083700263,0.037389,-0.924,0.107480231,0.619157801,FALSE,0,TRUE,FALSE
HDAC inhibitor & PDGFR tyrosine kinase receptor inhibitor,HDAC inhibitor,PDGFR tyrosine kinase receptor inhibitor,0.2025,0.598,0.905,0.905,FALSE,0.02592415,0.2078,0.61,0.89,0.9,FALSE,0.027912069,0,0.026918109,0.001405671,0.604,0.008485281,0.979712451,FALSE,0,FALSE,FALSE
HDAC inhibitor & phosphodiesterase inhibitor,HDAC inhibitor,phosphodiesterase inhibitor,-0.36444,-1.12,0.319,0.702,FALSE,-0.172102434,-0.34383,-1.07,0.362,1,FALSE,0,0,-0.086051217,0.121694798,-1.095,0.035355339,0.3647575,FALSE,0,FALSE,FALSE
HDAC inhibitor & PPAR receptor agonist,HDAC inhibitor,PPAR receptor agonist,0.37204,1.11,0.33,0.579,FALSE,0.263426794,0.17714,0.541,0.946,0.95,FALSE,0.01205153,0,0.137739162,0.177749154,0.8255,0.402343758,0.675612256,FALSE,0,FALSE,FALSE
HDAC inhibitor & protein synthesis inhibitor,HDAC inhibitor,protein synthesis inhibitor,-0.34973,-1.07,0.364,0.719,FALSE,-0.153300087,-0.21464,-0.664,0.864,0.935,FALSE,-0.01938109,0,-0.086340589,0.094695031,-0.867,0.287085353,0.678299916,FALSE,0,FALSE,FALSE
HDAC inhibitor & ribonucleotide reductase inhibitor,HDAC inhibitor,ribonucleotide reductase inhibitor,-0.47455,-1.46,0.112,0.385,FALSE,-0.605227335,-0.23807,-0.746,0.746,0.826,FALSE,-0.061932885,0,-0.33358011,0.38416719,-1.103,0.504874242,0.290951967,FALSE,0,FALSE,FALSE
HDAC inhibitor & sodium channel blocker,HDAC inhibitor,sodium channel blocker,-0.28076,-0.856,0.623,0.835,FALSE,-0.067036377,-0.32857,-1.04,0.406,0.865,FALSE,-0.065503248,0,-0.066269813,0.001084086,-0.948,0.130107648,0.600629327,FALSE,0,FALSE,FALSE
HDAC inhibitor & topoisomerase inhibitor,HDAC inhibitor,topoisomerase inhibitor,-0.24646,-0.755,0.732,0.947,FALSE,-0.017855766,0.44721,1.26,0.211,0.416,FALSE,0.479942403,0,0.231043319,0.351996461,0.2525,1.424820164,0.442948552,FALSE,0,TRUE,FALSE
HDAC inhibitor & tubulin polymerization inhibitor,HDAC inhibitor,tubulin polymerization inhibitor,-0.21432,-0.659,0.836,1,FALSE,0,-0.25259,-0.763,0.74,1,FALSE,0,0,0,0,-0.711,0.073539105,0.915730575,FALSE,0,TRUE,FALSE
HDAC inhibitor & tyrosine kinase inhibitor,HDAC inhibitor,tyrosine kinase inhibitor,NA,NA,NA,NA,NA,NA,NA,NA,NA,NA,NA,NA,NA,NA,NA,NA,NA,NA,NA,0,FALSE,FALSE
HDAC inhibitor & VEGFR inhibitor,HDAC inhibitor,VEGFR inhibitor,-0.2,-0.619,0.898,0.944,FALSE,-0.015492336,0.23482,0.732,0.782,1,FALSE,0,0,-0.007746168,0.010954736,0.0565,0.955301261,0.950466419,FALSE,0,FALSE,FALSE
histamine receptor antagonist & histamine receptor antagonist,histamine receptor antagonist,histamine receptor antagonist,-0.59706,-1.86,0.0258,0.125,TRUE,-1.679747376,-0.59706,-1.86,0.0258,0.125,TRUE,-1.679747376,2,-1.679747376,0,-1.86,0,0.005534638,TRUE,100,FALSE,FALSE
histamine receptor antagonist & HMGCR inhibitor,histamine receptor antagonist,HMGCR inhibitor,-0.29846,-0.932,0.507,0.742,FALSE,-0.12078356,-0.18622,-0.585,0.917,0.921,FALSE,-0.020908116,0,-0.070845838,0.070622604,-0.7585,0.245366053,0.820996781,FALSE,0,FALSE,FALSE
histamine receptor antagonist & KIT inhibitor,histamine receptor antagonist,KIT inhibitor,-0.32717,-1.03,0.406,0.87,FALSE,-0.06229517,-0.37799,-1.16,0.292,0.77,FALSE,-0.131670759,0,-0.096982964,0.049055949,-1.095,0.091923882,0.371352711,FALSE,0,FALSE,FALSE
histamine receptor antagonist & PDGFR tyrosine kinase receptor inhibitor,histamine receptor antagonist,PDGFR tyrosine kinase receptor inhibitor,-0.21876,-0.687,0.816,0.883,FALSE,-0.037124997,-0.37913,-1.2,0.261,0.763,FALSE,-0.140970554,0,-0.089047776,0.073429898,-0.9435,0.362745779,0.542359527,FALSE,0,FALSE,FALSE
histamine receptor antagonist & phosphodiesterase inhibitor,histamine receptor antagonist,phosphodiesterase inhibitor,0.48821,1.54,0.0808,0.491,FALSE,0.475734502,0.3478,1.09,0.337,0.893,FALSE,0.05357191,0,0.264653206,0.298514032,1.315,0.318198052,0.12535012,FALSE,0,FALSE,FALSE
histamine receptor antagonist & PPAR receptor agonist,histamine receptor antagonist,PPAR receptor agonist,0.45319,1.42,0.117,0.303,FALSE,0.736351468,-0.12175,-0.364,0.998,0.999,FALSE,-0.000158162,0,0.368096653,0.520790954,0.528,1.261478498,0.367530717,FALSE,0,FALSE,FALSE
histamine receptor antagonist & protein synthesis inhibitor,histamine receptor antagonist,protein synthesis inhibitor,0.27222,0.843,0.623,0.835,FALSE,0.066018301,0.29387,0.884,0.552,0.67,FALSE,0.153749874,0,0.109884088,0.06203559,0.8635,0.028991378,0.71097609,FALSE,0,FALSE,FALSE
histamine receptor antagonist & ribonucleotide reductase inhibitor,histamine receptor antagonist,ribonucleotide reductase inhibitor,0.45709,1.43,0.104,0.487,FALSE,0.446833585,0.33528,1.03,0.401,0.66,FALSE,0.185869746,0,0.316351666,0.1845293,1.23,0.282842712,0.174204207,FALSE,0,FALSE,FALSE
histamine receptor antagonist & sodium channel blocker,histamine receptor antagonist,sodium channel blocker,-0.58187,-1.88,0.0196,0.228,TRUE,-1.207082488,-0.29611,-0.932,0.511,0.803,FALSE,-0.088805112,1,-0.6479438,0.790741516,-1.406,0.670337229,0.05612353,FALSE,0,FALSE,FALSE
histamine receptor antagonist & topoisomerase inhibitor,histamine receptor antagonist,topoisomerase inhibitor,0.67953,2.22,0,0.018,TRUE,3.873295039,0.34879,1.02,0.415,0.646,FALSE,0.193562832,1,2.033428935,2.601963597,1.62,0.848528137,0.003614363,FALSE,0,FALSE,FALSE
histamine receptor antagonist & tubulin polymerization inhibitor,histamine receptor antagonist,tubulin polymerization inhibitor,-0.24171,-0.742,0.725,0.884,FALSE,-0.039732419,-0.27078,-0.842,0.63,1,FALSE,0,0,-0.01986621,0.028095063,-0.792,0.070710678,0.814668016,FALSE,0,FALSE,FALSE
histamine receptor antagonist & tyrosine kinase inhibitor,histamine receptor antagonist,tyrosine kinase inhibitor,NA,NA,NA,NA,NA,NA,NA,NA,NA,NA,NA,NA,NA,NA,NA,NA,NA,NA,NA,0,FALSE,FALSE
histamine receptor antagonist & VEGFR inhibitor,histamine receptor antagonist,VEGFR inhibitor,0.1829,0.591,0.936,0.912,FALSE,0.023643051,-0.32805,-0.993,0.442,0.879,FALSE,-0.055619047,0,-0.015987998,0.056046767,-0.201,1.120057141,0.778848088,FALSE,0,FALSE,FALSE
HMGCR inhibitor & HMGCR inhibitor,HMGCR inhibitor,HMGCR inhibitor,0.54372,1.63,0.0524,0.312,FALSE,0.824528012,0.54372,1.63,0.0524,0.312,FALSE,0.824528012,0,0.824528012,0,1.63,0,0.018939422,TRUE,100,FALSE,FALSE
HMGCR inhibitor & KIT inhibitor,HMGCR inhibitor,KIT inhibitor,0.29105,0.845,0.599,0.755,FALSE,0.103134826,0.50058,1.5,0.0901,0.447,FALSE,0.524538715,0,0.313836771,0.297977548,1.1725,0.463154942,0.211525783,FALSE,0,FALSE,FALSE
HMGCR inhibitor & PDGFR tyrosine kinase receptor inhibitor,HMGCR inhibitor,PDGFR tyrosine kinase receptor inhibitor,0.28244,0.838,0.649,0.719,FALSE,0.12006119,0.43128,1.28,0.188,0.548,FALSE,0.334360885,0,0.227211037,0.151532768,1.059,0.312541197,0.378680821,FALSE,0,FALSE,FALSE
HMGCR inhibitor & phosphodiesterase inhibitor,HMGCR inhibitor,phosphodiesterase inhibitor,0.38642,1.15,0.279,0.481,FALSE,0.365533162,0.42074,1.31,0.188,0.562,FALSE,0.327845427,0,0.346689294,0.026649253,1.23,0.113137085,0.207072986,FALSE,0,FALSE,FALSE
HMGCR inhibitor & PPAR receptor agonist,HMGCR inhibitor,PPAR receptor agonist,-0.55888,-1.76,0.0381,0.111,TRUE,-1.680231557,-0.69209,-2.06,0,0.0331,TRUE,-3.049154333,2,-2.364692945,0.967974577,-1.91,0.212132034,0.0004219,FALSE,0,FALSE,FALSE
HMGCR inhibitor & protein synthesis inhibitor,HMGCR inhibitor,protein synthesis inhibitor,0.30209,0.907,0.553,0.71,FALSE,0.134908678,0.31001,0.949,0.502,0.628,FALSE,0.191736298,0,0.163322488,0.040183196,0.928,0.029698485,0.633372646,FALSE,0,FALSE,FALSE
HMGCR inhibitor & ribonucleotide reductase inhibitor,HMGCR inhibitor,ribonucleotide reductase inhibitor,0.54496,1.58,0.0658,0.293,FALSE,0.84234916,0.44446,1.32,0.168,0.563,FALSE,0.329328919,0,0.585839039,0.362760091,1.45,0.183847763,0.060853662,FALSE,0,FALSE,FALSE
HMGCR inhibitor & sodium channel blocker,HMGCR inhibitor,sodium channel blocker,0.42613,1.28,0.213,0.398,FALSE,0.512149668,0.33756,1.01,0.416,0.788,FALSE,0.10450852,0,0.308329094,0.28824582,1.145,0.190918831,0.303352424,FALSE,0,FALSE,FALSE
HMGCR inhibitor & topoisomerase inhibitor,HMGCR inhibitor,topoisomerase inhibitor,0.33489,1.04,0.382,0.593,FALSE,0.236023119,0.40763,1.18,0.28,0.46,FALSE,0.397945759,0,0.316984439,0.114496597,1.11,0.098994949,0.346047725,FALSE,0,FALSE,FALSE
HMGCR inhibitor & tubulin polymerization inhibitor,HMGCR inhibitor,tubulin polymerization inhibitor,0.59506,1.73,0.0306,0.285,FALSE,0.943118392,0.65288,1.97,0.00525,0.145,TRUE,1.652105036,1,1.297611714,0.501329263,1.85,0.169705627,0.001564134,FALSE,0,FALSE,FALSE
HMGCR inhibitor & tyrosine kinase inhibitor,HMGCR inhibitor,tyrosine kinase inhibitor,NA,NA,NA,NA,NA,NA,NA,NA,NA,NA,NA,NA,NA,NA,NA,NA,NA,NA,NA,0,FALSE,FALSE
HMGCR inhibitor & VEGFR inhibitor,HMGCR inhibitor,VEGFR inhibitor,0.34876,1.02,0.409,0.575,FALSE,0.245138798,0.52492,1.6,0.0633,0.968,FALSE,0.022599428,0,0.133869113,0.157359098,1.31,0.410121933,0.120488336,FALSE,0,FALSE,FALSE
KIT inhibitor & KIT inhibitor,KIT inhibitor,KIT inhibitor,0.6513,1.92,0.00554,0.175,TRUE,1.453366947,0.6513,1.92,0.00554,0.175,TRUE,1.453366947,2,1.453366947,0,1.92,0,0.000349624,TRUE,100,TRUE,TRUE
KIT inhibitor & PDGFR tyrosine kinase receptor inhibitor,KIT inhibitor,PDGFR tyrosine kinase receptor inhibitor,0.4904,1.44,0.116,0.338,FALSE,0.678359952,0.57394,1.72,0.0305,0.479,FALSE,0.549822917,0,0.614091434,0.090889409,1.58,0.197989899,0.023507157,FALSE,47.05882353,FALSE,FALSE
KIT inhibitor & phosphodiesterase inhibitor,KIT inhibitor,phosphodiesterase inhibitor,0.19314,0.576,0.918,0.99,FALSE,0.002514128,0.20421,0.645,0.882,0.94,FALSE,0.017332534,0,0.009923331,0.010478196,0.6105,0.048790368,0.980615697,FALSE,0,FALSE,FALSE
KIT inhibitor & PPAR receptor agonist,KIT inhibitor,PPAR receptor agonist,-0.22372,-0.689,0.828,0.816,FALSE,-0.060845481,0.31749,0.997,0.449,0.979,FALSE,0.009189656,0,-0.025827912,0.04952232,0.154,1.192182033,0.73963092,FALSE,0,FALSE,FALSE
KIT inhibitor & protein synthesis inhibitor,KIT inhibitor,protein synthesis inhibitor,-0.7501,-2.26,0.00436,0.0157,TRUE,-4.077266786,-0.65882,-2.04,0.0087,0.0912,TRUE,-2.12161053,2,-3.099438658,1.3828578,-2.15,0.155563492,0.000424069,FALSE,0,FALSE,FALSE
KIT inhibitor & ribonucleotide reductase inhibitor,KIT inhibitor,ribonucleotide reductase inhibitor,-0.32075,-0.955,0.472,0.756,FALSE,-0.116011685,0.20336,0.629,0.872,0.881,FALSE,0.034610154,0,-0.040700766,0.106505724,-0.163,1.120057141,0.776964464,FALSE,0,FALSE,FALSE
KIT inhibitor & sodium channel blocker,KIT inhibitor,sodium channel blocker,0.50028,1.5,0.079,0.447,FALSE,0.524538715,0.3982,1.22,0.241,1,FALSE,0,0,0.262269358,0.370904883,1.36,0.197989899,0.094457539,FALSE,0,FALSE,FALSE
KIT inhibitor & topoisomerase inhibitor,KIT inhibitor,topoisomerase inhibitor,-0.24242,-0.739,0.747,0.837,FALSE,-0.057105887,-0.22193,-0.711,0.784,0.943,FALSE,-0.018122186,0,-0.037614037,0.027565639,-0.725,0.01979899,0.89899097,FALSE,0,TRUE,FALSE
KIT inhibitor & tubulin polymerization inhibitor,KIT inhibitor,tubulin polymerization inhibitor,0.15675,0.463,0.98,0.982,FALSE,0.003652381,0.24666,0.719,0.777,0.89,FALSE,0.036388585,0,0.020020483,0.023147992,0.591,0.181019336,0.968971279,FALSE,0,TRUE,FALSE
KIT inhibitor & tyrosine kinase inhibitor,KIT inhibitor,tyrosine kinase inhibitor,NA,NA,NA,NA,NA,NA,NA,NA,NA,NA,NA,NA,NA,NA,NA,NA,NA,NA,NA,25,FALSE,FALSE
KIT inhibitor & VEGFR inhibitor,KIT inhibitor,VEGFR inhibitor,0.4367,1.28,0.204,0.373,FALSE,0.548212695,0.42177,1.26,0.204,0.558,FALSE,0.319240909,0,0.433726802,0.161907503,1.27,0.014142136,0.173924524,FALSE,27.77777778,FALSE,FALSE
PDGFR tyrosine kinase receptor inhibitor & PDGFR tyrosine kinase receptor inhibitor,PDGFR tyrosine kinase receptor inhibitor,PDGFR tyrosine kinase receptor inhibitor,0.34614,1.03,0.394,0.635,FALSE,0.203143063,0.34614,1.03,0.394,0.635,FALSE,0.203143063,0,0.203143063,0,1.03,0,0.444410977,TRUE,100,FALSE,FALSE
PDGFR tyrosine kinase receptor inhibitor & phosphodiesterase inhibitor,PDGFR tyrosine kinase receptor inhibitor,phosphodiesterase inhibitor,-0.3347,-1.01,0.4,0.842,FALSE,-0.075434788,-0.16427,-0.518,0.968,0.961,FALSE,-0.008949285,0,-0.042192036,0.04701235,-0.764,0.347896536,0.754580751,FALSE,0,FALSE,FALSE
PDGFR tyrosine kinase receptor inhibitor & PPAR receptor agonist,PDGFR tyrosine kinase receptor inhibitor,PPAR receptor agonist,0.3562,1.07,0.371,0.644,FALSE,0.204492122,0.24294,0.747,0.741,1,FALSE,0,0,0.102246061,0.144597766,0.9085,0.22839549,0.629905738,FALSE,0,FALSE,FALSE
PDGFR tyrosine kinase receptor inhibitor & protein synthesis inhibitor,PDGFR tyrosine kinase receptor inhibitor,protein synthesis inhibitor,-0.75521,-2.34,0.00217,0.0158,TRUE,-4.215142417,-0.64699,-1.93,0.0102,0.081,TRUE,-2.106623914,2,-3.160883165,1.490947732,-2.135,0.28991378,0.000259375,FALSE,0,FALSE,FALSE
PDGFR tyrosine kinase receptor inhibitor & ribonucleotide reductase inhibitor,PDGFR tyrosine kinase receptor inhibitor,ribonucleotide reductase inhibitor,-0.45557,-1.36,0.155,0.613,FALSE,-0.289053755,-0.19208,-0.599,0.911,0.909,FALSE,-0.024820234,0,-0.156936994,0.186841314,-0.9795,0.53810826,0.417619795,FALSE,0,FALSE,FALSE
PDGFR tyrosine kinase receptor inhibitor & sodium channel blocker,PDGFR tyrosine kinase receptor inhibitor,sodium channel blocker,0.43559,1.29,0.196,0.666,FALSE,0.227718244,0.352,1.05,0.406,0.839,FALSE,0.080049941,0,0.153884093,0.104417259,1.17,0.169705627,0.280986257,FALSE,0,FALSE,FALSE
PDGFR tyrosine kinase receptor inhibitor & topoisomerase inhibitor,PDGFR tyrosine kinase receptor inhibitor,topoisomerase inhibitor,-0.22462,-0.679,0.809,1,FALSE,0,-0.24363,-0.77,0.733,0.937,FALSE,-0.021760515,0,-0.010880258,0.015387008,-0.7245,0.064346717,0.902877034,FALSE,0,FALSE,FALSE
PDGFR tyrosine kinase receptor inhibitor & tubulin polymerization inhibitor,PDGFR tyrosine kinase receptor inhibitor,tubulin polymerization inhibitor,-0.19181,-0.595,0.909,1,FALSE,0,-0.1637,-0.516,0.968,0.964,FALSE,-0.008216251,0,-0.004108125,0.005809766,-0.5555,0.055861436,0.992482113,FALSE,0,FALSE,FALSE
PDGFR tyrosine kinase receptor inhibitor & tyrosine kinase inhibitor,PDGFR tyrosine kinase receptor inhibitor,tyrosine kinase inhibitor,0.37655,1.1,0.351,0.678,FALSE,0.185647337,0.32516,0.852,0.637,0.645,FALSE,0.162255123,0,0.17395123,0.016540793,0.976,0.175362482,0.558510193,FALSE,17.64705882,FALSE,FALSE
PDGFR tyrosine kinase receptor inhibitor & VEGFR inhibitor,PDGFR tyrosine kinase receptor inhibitor,VEGFR inhibitor,0.3783,1.13,0.312,0.725,FALSE,0.157818053,0.35827,1.08,0.357,0.713,FALSE,0.158663308,0,0.15824068,0.000597686,1.105,0.035355339,0.355846439,FALSE,47.36842105,FALSE,FALSE
phosphodiesterase inhibitor & phosphodiesterase inhibitor,phosphodiesterase inhibitor,phosphodiesterase inhibitor,NA,NA,NA,NA,NA,NA,NA,NA,NA,NA,NA,NA,NA,NA,NA,NA,NA,NA,NA,100,FALSE,FALSE
phosphodiesterase inhibitor & PPAR receptor agonist,phosphodiesterase inhibitor,PPAR receptor agonist,-0.44414,-1.39,0.116,1,FALSE,0,-0.5459,-1.68,0.0372,0.124,TRUE,-1.523051569,1,-0.761525784,1.076960092,-1.535,0.205060967,0.027814103,FALSE,0,FALSE,FALSE
phosphodiesterase inhibitor & protein synthesis inhibitor,phosphodiesterase inhibitor,protein synthesis inhibitor,0.5113,1.57,0.083,0.429,FALSE,0.577042051,0.53186,1.59,0.0619,0.45,FALSE,0.551392103,0,0.564217077,0.018137252,1.58,0.014142136,0.032219286,FALSE,0,FALSE,FALSE
phosphodiesterase inhibitor & ribonucleotide reductase inhibitor,phosphodiesterase inhibitor,ribonucleotide reductase inhibitor,0.6783,2.16,0.0039,0.0303,TRUE,3.280083922,0.66147,2,0.00185,0.0911,TRUE,2.080963246,2,2.680523584,0.847906362,2.08,0.113137085,9.26E-05,FALSE,0,FALSE,FALSE
phosphodiesterase inhibitor & sodium channel blocker,phosphodiesterase inhibitor,sodium channel blocker,-0.30165,-0.941,0.51,1,FALSE,0,-0.45593,-1.4,0.12,0.354,FALSE,-0.631395433,0,-0.315697717,0.446463992,-1.1705,0.324562013,0.232168815,FALSE,0,FALSE,FALSE
phosphodiesterase inhibitor & topoisomerase inhibitor,phosphodiesterase inhibitor,topoisomerase inhibitor,0.27781,0.857,0.635,1,FALSE,0,0.60716,1.74,0.0266,0.0943,TRUE,1.784349655,1,0.892174827,1.261725741,1.2985,0.624375288,0.085822738,FALSE,0,FALSE,FALSE
phosphodiesterase inhibitor & tubulin polymerization inhibitor,phosphodiesterase inhibitor,tubulin polymerization inhibitor,0.33087,1.02,0.442,0.896,FALSE,0.04864583,0.26427,0.775,0.714,0.937,FALSE,0.021901817,0,0.035273824,0.018910873,0.8975,0.173241161,0.679561231,FALSE,0,FALSE,FALSE
phosphodiesterase inhibitor & tyrosine kinase inhibitor,phosphodiesterase inhibitor,tyrosine kinase inhibitor,NA,NA,NA,NA,NA,NA,NA,NA,NA,NA,NA,NA,NA,NA,NA,NA,NA,NA,NA,0,FALSE,FALSE
phosphodiesterase inhibitor & VEGFR inhibitor,phosphodiesterase inhibitor,VEGFR inhibitor,-0.17961,-0.563,0.927,1,FALSE,0,-0.28458,-0.897,0.556,0.919,FALSE,-0.032905986,0,-0.016452993,0.023268046,-0.73,0.236173665,0.857021248,FALSE,0,FALSE,FALSE
PPAR receptor agonist & PPAR receptor agonist,PPAR receptor agonist,PPAR receptor agonist,NA,NA,NA,NA,NA,NA,NA,NA,NA,NA,NA,NA,NA,NA,NA,NA,NA,NA,NA,100,FALSE,FALSE
PPAR receptor agonist & protein synthesis inhibitor,PPAR receptor agonist,protein synthesis inhibitor,-0.51184,-1.55,0.078,0.19,FALSE,-1.117931919,-0.50201,-1.51,0.101,0.235,FALSE,-0.949687528,0,-1.033809723,0.118966749,-1.53,0.028284271,0.046036521,FALSE,0,FALSE,FALSE
PPAR receptor agonist & ribonucleotide reductase inhibitor,PPAR receptor agonist,ribonucleotide reductase inhibitor,-0.7283,-2.19,0.00178,0.0261,TRUE,-3.467557289,-0.44552,-1.39,0.139,1,FALSE,0,1,-1.733778644,2.451933273,-1.79,0.565685425,0.0023021,FALSE,0,FALSE,FALSE
PPAR receptor agonist & sodium channel blocker,PPAR receptor agonist,sodium channel blocker,0.30986,0.979,0.458,0.82,FALSE,0.084376239,0.31512,0.951,0.492,0.708,FALSE,0.142618372,0,0.113497305,0.041183407,0.965,0.01979899,0.561123293,FALSE,0,FALSE,FALSE
PPAR receptor agonist & topoisomerase inhibitor,PPAR receptor agonist,topoisomerase inhibitor,-0.45543,-1.34,0.174,0.348,FALSE,-0.614283813,-0.39612,-1.32,0.152,1,FALSE,0,0,-0.307141907,0.43436425,-1.33,0.014142136,0.122522337,FALSE,0,FALSE,FALSE
PPAR receptor agonist & tubulin polymerization inhibitor,PPAR receptor agonist,tubulin polymerization inhibitor,-0.56594,-1.7,0.0517,0.142,FALSE,-1.441109815,-0.6277,-1.93,0.019,0.131,TRUE,-1.703666399,1,-1.572388107,0.185655542,-1.815,0.16263456,0.00778533,FALSE,0,FALSE,FALSE
PPAR receptor agonist & tyrosine kinase inhibitor,PPAR receptor agonist,tyrosine kinase inhibitor,NA,NA,NA,NA,NA,NA,NA,NA,NA,NA,NA,NA,NA,NA,NA,NA,NA,NA,NA,0,FALSE,FALSE
PPAR receptor agonist & VEGFR inhibitor,PPAR receptor agonist,VEGFR inhibitor,0.2235,0.704,0.8,0.9,FALSE,0.032213273,-0.27293,-0.856,0.61,0.869,FALSE,-0.052199071,0,-0.009992899,0.059688541,-0.076,1.103086579,0.838110658,FALSE,0,FALSE,FALSE
protein synthesis inhibitor & protein synthesis inhibitor,protein synthesis inhibitor,protein synthesis inhibitor,0.48981,1.49,0.0819,0.445,FALSE,0.523943584,0.48981,1.49,0.0819,0.445,FALSE,0.523943584,0,0.523943584,0,1.49,0,0.040275929,TRUE,100,FALSE,FALSE
protein synthesis inhibitor & ribonucleotide reductase inhibitor,protein synthesis inhibitor,ribonucleotide reductase inhibitor,0.74515,2.23,0,0.0257,TRUE,3.545849135,0.53635,1.66,0.0458,0.294,FALSE,0.882543432,1,2.214196283,1.883241523,1.945,0.403050865,0.00049882,FALSE,0,FALSE,FALSE
protein synthesis inhibitor & sodium channel blocker,protein synthesis inhibitor,sodium channel blocker,-0.47513,-1.47,0.0911,0.22,FALSE,-0.966638659,-0.31847,-1.01,0.439,0.777,FALSE,-0.110674771,0,-0.538656715,0.60525787,-1.24,0.325269119,0.168732178,FALSE,0,FALSE,FALSE
protein synthesis inhibitor & topoisomerase inhibitor,protein synthesis inhibitor,topoisomerase inhibitor,0.48636,1.44,0.118,0.317,FALSE,0.718474662,0.48452,1.4,0.124,0.294,FALSE,0.744313737,0,0.7313942,0.018270985,1.42,0.028284271,0.076445533,FALSE,0,FALSE,FALSE
protein synthesis inhibitor & tubulin polymerization inhibitor,protein synthesis inhibitor,tubulin polymerization inhibitor,0.42692,1.28,0.189,0.466,FALSE,0.424466027,0.50107,1.49,0.102,0.26,FALSE,0.871689712,0,0.648077869,0.3162349,1.385,0.148492424,0.095402788,FALSE,0,FALSE,FALSE
protein synthesis inhibitor & tyrosine kinase inhibitor,protein synthesis inhibitor,tyrosine kinase inhibitor,NA,NA,NA,NA,NA,NA,NA,NA,NA,NA,NA,NA,NA,NA,NA,NA,NA,NA,NA,0,FALSE,FALSE
protein synthesis inhibitor & VEGFR inhibitor,protein synthesis inhibitor,VEGFR inhibitor,-0.61728,-1.9,0.0238,0.0626,TRUE,-2.286508767,-0.77014,-2.35,0,0.0069,TRUE,-5.078704637,2,-3.682606702,1.974380634,-2.125,0.318198052,0.000274636,FALSE,0,FALSE,FALSE
ribonucleotide reductase inhibitor & ribonucleotide reductase inhibitor,ribonucleotide reductase inhibitor,ribonucleotide reductase inhibitor,NA,NA,NA,NA,NA,NA,NA,NA,NA,NA,NA,NA,NA,NA,NA,NA,NA,NA,NA,100,FALSE,FALSE
ribonucleotide reductase inhibitor & sodium channel blocker,ribonucleotide reductase inhibitor,sodium channel blocker,-0.30398,-0.965,0.466,0.866,FALSE,-0.060295234,-0.52394,-1.63,0.0677,0.605,FALSE,-0.355738739,0,-0.208016987,0.208910106,-1.2975,0.470226009,0.140586311,FALSE,0,FALSE,FALSE
ribonucleotide reductase inhibitor & topoisomerase inhibitor,ribonucleotide reductase inhibitor,topoisomerase inhibitor,0.37615,1.14,0.306,0.566,FALSE,0.281789268,0.54294,1.58,0.0617,0.165,FALSE,1.236375368,0,0.759082318,0.674994304,1.36,0.311126984,0.093827826,FALSE,0,FALSE,FALSE
ribonucleotide reductase inhibitor & tubulin polymerization inhibitor,ribonucleotide reductase inhibitor,tubulin polymerization inhibitor,0.44672,1.37,0.153,0.625,FALSE,0.279644376,0.57033,1.69,0.0415,0.168,TRUE,1.309227314,1,0.794435845,0.728025077,1.53,0.22627417,0.038474028,FALSE,0,FALSE,FALSE
ribonucleotide reductase inhibitor & tyrosine kinase inhibitor,ribonucleotide reductase inhibitor,tyrosine kinase inhibitor,NA,NA,NA,NA,NA,NA,NA,NA,NA,NA,NA,NA,NA,NA,NA,NA,NA,NA,NA,0,FALSE,FALSE
ribonucleotide reductase inhibitor & VEGFR inhibitor,ribonucleotide reductase inhibitor,VEGFR inhibitor,-0.35398,-1.09,0.314,0.924,FALSE,-0.037417551,-0.60916,-1.91,0.0195,0.082,TRUE,-2.074615542,1,-1.056016547,1.440516514,-1.5,0.579827561,0.03732399,FALSE,0,FALSE,FALSE
sodium channel blocker & sodium channel blocker,sodium channel blocker,sodium channel blocker,NA,NA,NA,NA,NA,NA,NA,NA,NA,NA,NA,NA,NA,NA,NA,NA,NA,NA,NA,100,FALSE,FALSE
sodium channel blocker & topoisomerase inhibitor,sodium channel blocker,topoisomerase inhibitor,-0.19924,-0.636,0.874,0.875,FALSE,-0.036882878,-0.28801,-0.889,0.575,1,FALSE,0,0,-0.018441439,0.026080133,-0.7625,0.178898016,0.848334624,FALSE,0,FALSE,FALSE
sodium channel blocker & tubulin polymerization inhibitor,sodium channel blocker,tubulin polymerization inhibitor,-0.25053,-0.784,0.703,0.969,FALSE,-0.010722159,0.32687,0.954,0.489,0.836,FALSE,0.074215211,0,0.031746526,0.06005979,0.085,1.228951586,0.710838369,FALSE,0,FALSE,FALSE
sodium channel blocker & tyrosine kinase inhibitor,sodium channel blocker,tyrosine kinase inhibitor,NA,NA,NA,NA,NA,NA,NA,NA,NA,NA,NA,NA,NA,NA,NA,NA,NA,NA,NA,0,FALSE,FALSE
sodium channel blocker & VEGFR inhibitor,sodium channel blocker,VEGFR inhibitor,0.31969,0.962,0.481,0.777,FALSE,0.10541498,0.48038,1.47,0.0804,0.8,FALSE,0.142457719,0,0.12393635,0.026193172,1.216,0.359210245,0.164459374,FALSE,0,FALSE,FALSE
topoisomerase inhibitor & topoisomerase inhibitor,topoisomerase inhibitor,topoisomerase inhibitor,0.77216,2.24,0,0.00742,TRUE,4.770295252,0.77216,2.24,0,0.00742,TRUE,4.770295252,2,4.770295252,0,2.24,0,1.45E-05,TRUE,100,TRUE,TRUE
topoisomerase inhibitor & tubulin polymerization inhibitor,topoisomerase inhibitor,tubulin polymerization inhibitor,0.27018,0.782,0.715,0.785,FALSE,0.082211928,0.29312,0.864,0.602,0.853,FALSE,0.059660037,0,0.070935983,0.015946595,0.823,0.057982756,0.793269822,FALSE,0,TRUE,FALSE
topoisomerase inhibitor & tyrosine kinase inhibitor,topoisomerase inhibitor,tyrosine kinase inhibitor,NA,NA,NA,NA,NA,NA,NA,NA,NA,NA,NA,NA,NA,NA,NA,NA,NA,NA,NA,0,FALSE,FALSE
topoisomerase inhibitor & VEGFR inhibitor,topoisomerase inhibitor,VEGFR inhibitor,-0.20984,-0.665,0.839,0.924,FALSE,-0.022828139,-0.21977,-0.689,0.817,0.91,FALSE,-0.028220481,0,-0.02552431,0.003812961,-0.677,0.016970563,0.944335475,FALSE,0,FALSE,FALSE
tubulin polymerization inhibitor & tubulin polymerization inhibitor,tubulin polymerization inhibitor,tubulin polymerization inhibitor,0.63856,1.89,0.00856,0.118,TRUE,1.754143006,0.63856,1.89,0.00856,0.118,TRUE,1.754143006,2,1.754143006,0,1.89,0,0.000770934,TRUE,100,TRUE,TRUE
tubulin polymerization inhibitor & tyrosine kinase inhibitor,tubulin polymerization inhibitor,tyrosine kinase inhibitor,NA,NA,NA,NA,NA,NA,NA,NA,NA,NA,NA,NA,NA,NA,NA,NA,NA,NA,NA,0,FALSE,FALSE
tubulin polymerization inhibitor & VEGFR inhibitor,tubulin polymerization inhibitor,VEGFR inhibitor,-0.20813,-0.644,0.886,0.995,FALSE,-0.001401936,-0.2023,-0.626,0.868,0.881,FALSE,-0.034445081,0,-0.017923509,0.023365032,-0.635,0.012727922,0.97100146,FALSE,0,FALSE,FALSE
tyrosine kinase inhibitor & tyrosine kinase inhibitor,tyrosine kinase inhibitor,tyrosine kinase inhibitor,NA,NA,NA,NA,NA,NA,NA,NA,NA,NA,NA,NA,NA,NA,NA,NA,NA,NA,NA,100,FALSE,FALSE
tyrosine kinase inhibitor & VEGFR inhibitor,tyrosine kinase inhibitor,VEGFR inhibitor,-0.28571,-0.716,0.82,0.814,FALSE,-0.063992926,0.34977,1.07,0.361,0.651,FALSE,0.199468342,0,0.067737708,0.186295249,0.177,1.262892711,0.656373511,FALSE,12.5,FALSE,FALSE
VEGFR inhibitor & VEGFR inhibitor,VEGFR inhibitor,VEGFR inhibitor,0.38228,1.14,0.32,0.693,FALSE,0.181564113,0.38228,1.14,0.32,0.693,FALSE,0.181564113,0,0.181564113,0,1.14,0,0.335756141,TRUE,100,FALSE,FALSE